股票代码,股票简称,时间,持有信托家数,持股变化,持股总数,占本股比例,持股变动数值,持股变动比例%
002622,融钰集团,2018-03-31,9,减持,116410381,13.85837868,-10267580,-8.10526149848591
000673,*ST当代,2018-03-31,9,增持,54707170,6.91139404,10033127,22.4585157873443
000576,甘化科工,2018-03-31,8,减持,61538075,13.89556317,-714035,-1.14700529829431
600130,波导股份,2018-03-31,8,减持,65289386,8.50122215,-2382847,-3.52115911410815
603696,安记食品,2018-03-31,7,增持,11839390,9.86615833,2158700,22.2990303377135
600738,兰州民百,2018-03-31,7,增持,73042971,9.32746733,5815230,8.65004522463428
600567,山鹰国际,2018-03-31,7,增持,428702851,9.38016323,84028058,24.3789391352445
600165,新日恒力,2018-03-31,7,增持,67753657,9.89272333,9145917,15.6053057155932
600439,瑞贝卡,2018-03-31,7,减持,168857862,14.91696413,-49377129,-22.6256700512339
002485,希努尔,2018-03-31,7,减持,21808165,6.81505156,-2230998,-9.28068086230789
002256,*ST兆新,2018-03-31,6,增持,67789356,3.60119681,17513014,34.8335087703875
002491,通鼎互联,2018-03-31,6,减持,112763118,8.93843581,-7401580,-6.15952948177842
600978,*ST宜生,2018-03-31,6,增持,167950136,11.32601883,23752856,16.4724716027931
002145,中核钛白,2018-03-31,6,增持,150699067,9.46708282,18999100,14.4260476542109
002437,誉衡药业,2018-03-31,6,增持,133381876,6.06798977,10893249,8.89327382206676
002435,长江健康,2018-03-31,6,增持,36076437,7.35088484,11269256,45.4273945919127
002564,天沃科技,2018-03-31,6,增持,94438136,12.83541907,13106100,16.1143144135725
002427,ST尤夫,2018-03-31,6,减持,62896977,15.79712198,-2227300,-3.42007635647149
000150,宜华健康,2018-03-31,6,增持,39197377,8.75322691,2717824,7.45026672887138
002745,木林森,2018-03-31,6,减持,36627073,6.93264008,-30810734,-45.6876274164728
002630,华西能源,2018-03-31,6,增持,124949146,16.93077859,8892385,7.66209992712101
300266,兴源环境,2018-03-31,6,减持,119689058,11.47596668,-8904920,-6.92483438065817
002408,齐翔腾达,2018-03-31,6,增持,180348282,10.15926894,51710822,40.1988829692377
002210,*ST飞马,2018-03-31,6,减持,107058373,6.47707929,-21597376,-16.7869498004322
002411,延安必康,2018-03-31,6,增持,59736100,3.89850077,4233500,7.6275706002962
600753,东方银星,2018-03-31,6,持平,9765887,7.62959922,0,0
002086,*ST东洋,2018-03-31,6,减持,58315146,8.47973622,-18828301,-24.4068702296904
000711,京蓝科技,2018-03-31,6,增持,79727923,10.91347233,35176599,78.9574716118426
002751,易尚展示,2018-03-31,6,增持,12751302,8.24789873,2291195,21.9041258373361
603429,集友股份,2018-03-31,6,增持,7412174,5.45012794,1570590,26.8863719155626
000703,恒逸石化,2018-03-31,5,减持,146810155,8.90608986,-2000060,-1.34403407723052
600707,彩虹股份,2018-03-31,5,增持,23163075,0.64550054,8364302,56.5202398874555
000533,顺钠股份,2018-03-31,5,减持,86296229,12.49192679,-79800,-0.0923867430858624
300091,金通灵,2018-03-31,5,减持,51897675,9.34085272,-299825,-0.574404904449447
601127,小康股份,2018-03-31,5,增持,26423037,2.90618533,4096972,18.350622915413
600212,*ST江泉,2018-03-31,5,增持,25600902,5.00313493,3521826,15.9509664263124
002359,*ST北讯,2018-03-31,5,增持,67490679,6.20779898,4632993,7.37060699307321
600666,ST瑞德,2018-03-31,5,持平,35843618,2.92046376,0,0
300131,英唐智控,2018-03-31,5,增持,89474320,8.36578863,39259177,78.1819480231292
002045,国光电器,2018-03-31,5,增持,30226935,7.25033461,11390582,60.4712706329086
600532,未来股份,2018-03-31,5,增持,31964515,6.19388457,7360481,29.9157487751805
601878,浙商证券,2018-03-31,5,增持,9950300,0.298509,2530853,34.1110732376685
002377,国创高新,2018-03-31,5,增持,27279063,2.97700674,2678002,10.8857174899896
000610,西安旅游,2018-03-31,5,减持,17105241,7.22508665,-3060864,-15.1782607499068
300064,ST金刚,2018-03-31,5,减持,55725763,4.62271629,-6985232,-11.1387676116445
000587,*ST金洲,2018-03-31,5,减持,44204078,2.08141692,-4333749,-8.92860119180861
600711,盛屯矿业,2018-03-31,5,增持,82075600,4.89507183,18505600,29.1105867547585
600515,海航基础,2018-03-31,5,持平,617760615,15.8092386,0,0
002509,天茂退,2018-03-31,5,减持,268243447,10.76205549,-22429277,-7.71633357658973
002085,万丰奥威,2018-03-31,5,减持,225087755,10.29264469,-4118156,-1.79670584499018
300325,德威新材,2018-03-31,5,减持,91403924,9.0438727,-5180651,-5.36384924818482
300472,新元科技,2018-03-31,5,增持,5145838,4.52823023,828062,19.1779749574781
002781,奇信股份,2018-03-31,5,减持,11488088,5.10581689,-56000,-0.485096787203978
603678,火炬电子,2018-03-31,4,减持,31577715,6.9759422,-4004192,-11.2534496816036
600816,*ST安信,2018-03-31,4,减持,144535404,3.17129477,-1159974,-0.796163897525974
002399,海普瑞,2018-03-31,4,增持,40933476,3.28202535,17500360,74.6821720167305
002558,巨人网络,2018-03-31,4,减持,61258297,3.02602768,-9574500,-13.5170435243437
600638,新黄浦,2018-03-31,4,减持,51114017,9.10857042,-13630309,-21.0525150883492
600203,福日电子,2018-03-31,4,增持,25225180,5.52641891,8074488,47.0796630246756
000732,泰禾集团,2018-03-31,4,减持,133127210,10.69766828,-20102100,-13.1189652945641
600993,马应龙,2018-03-31,4,减持,21240293,4.92752611,-3855753,-15.3639860239338
002124,天邦股份,2018-03-31,4,增持,55522341,7.18191561,42310821,320.257025686673
002477,雏鹰退,2018-03-31,4,持平,113194110,3.61047359,0,0
600811,东方集团,2018-03-31,4,持平,428028180,11.52293467,0,0
600777,新潮能源,2018-03-31,4,增持,224242281,3.29744017,29661388,15.2437310481456
600728,佳都科技,2018-03-31,4,减持,107852887,6.6685355,-1576709,-1.44084329800505
000078,海王生物,2018-03-31,4,增持,109812859,4.1491842,71506599,186.670792189057
002012,凯恩股份,2018-03-31,4,增持,14909000,3.18823523,3808347,34.3074141674368
603909,合诚股份,2018-03-31,4,增持,2581330,2.51837073,555591,27.4265835825839
600322,天房发展,2018-03-31,4,增持,112841505,10.20543593,803500,0.717167357630119
002609,捷顺科技,2018-03-31,4,减持,38870247,5.82812478,-11413703,-22.6985012116192
600086,退市金钰,2018-03-31,4,减持,71671772,5.30902015,-87674,-0.122177643344682
600592,龙溪股份,2018-03-31,4,增持,13713899,3.43230544,10762599,364.673160979907
600262,北方股份,2018-03-31,4,减持,5668968,3.33468706,-839132,-12.8936555984081
000793,华闻集团,2018-03-31,4,减持,269302294,13.45640342,-100,-3.71329784762329E-05
600393,粤泰股份,2018-03-31,4,减持,252850018,9.96945216,-79502339,-23.9210997983083
603933,睿能科技,2018-03-31,4,增持,1239400,1.20716859,1239400,100
603056,德邦股份,2018-03-31,4,新进,2089468,0.21765292,2089468,0.21765292
002756,永兴材料,2018-03-31,4,减持,11078012,3.07722555,-13540937,-55.0020920876842
600787,中储股份,2018-03-31,4,增持,45900302,2.08656608,23713854,106.88440979827
000534,万泽股份,2018-03-31,4,增持,30016605,6.10360202,1275439,4.43767312710974
000620,新华联,2018-03-31,4,持平,82632687,4.35667761,0,0
002726,龙大肉食,2018-03-31,4,增持,41506709,5.48963737,257954,0.625361904862341
600586,金晶科技,2018-03-31,4,持平,71440947,4.89891272,0,0
600051,宁波联合,2018-03-31,4,持平,15166900,4.87869917,0,0
600882,妙可蓝多,2018-03-31,4,增持,56789582,13.83094311,9924921,21.1778358964338
600687,退市刚泰,2018-03-31,4,持平,80613008,5.41493782,0,0
002468,申通快递,2018-03-31,4,增持,47785998,3.1216312,9968441,26.3592939120843
000812,陕西金叶,2018-03-31,4,持平,45695105,8.91678368,0,0
000010,美丽生态,2018-03-31,4,减持,22418801,2.73448461,-7854599,-25.9455462551283
002464,众应互联,2018-03-31,4,持平,22468276,9.64535826,0,0
600290,*ST华仪,2018-03-31,4,增持,21779868,2.86613599,3424300,18.6553747614893
603555,*ST贵人,2018-03-31,4,减持,41973729,6.67731242,-4794700,-10.2520014088992
002010,传化智联,2018-03-31,4,增持,48284073,1.48210004,11337967,30.6878538160422
600305,恒顺醋业,2018-03-31,4,增持,22620537,3.75296347,12684293,127.656818814031
300268,佳沃股份,2018-03-31,4,减持,4808442,3.58838956,-277279,-5.45210797053161
002356,*ST赫美,2018-03-31,4,减持,15657870,5.04320742,-4428665,-22.0479291226685
600568,*ST中珠,2018-03-31,4,持平,144474674,7.2495796,0,0
002071,*ST长城,2018-03-31,4,增持,18531338,3.52689079,13491306,267.6829432829
601113,ST华鼎,2018-03-31,4,增持,17018653,2.04293297,7242302,74.0798074864538
603838,四通股份,2018-03-31,4,增持,2686874,1.00752737,593174,28.3313750776138
002756,永兴材料,2018-03-31,4,减持,11078012,3.07722555,-13540937,-55.0020920876842
603909,合诚股份,2018-03-31,4,增持,2581330,2.51837073,555591,27.4265835825839
300606,金太阳,2018-03-31,4,增持,4838971,5.42485538,178028,3.81957041740266
603933,睿能科技,2018-03-31,4,增持,1239400,1.20716859,1239400,100
603787,新日股份,2018-03-31,4,增持,5044369,2.47272989,3927569,351.68060530086
603086,先达股份,2018-03-31,4,增持,2810550,3.5131875,7600,0.271142903012897
603488,展鹏科技,2018-03-31,4,减持,5656562,2.71950096,-3500363,-38.2264024222105
002862,实丰文化,2018-03-31,4,增持,3133918,3.9173975,448637,16.7072645283678
300681,英搏尔,2018-03-31,4,增持,1403704,1.85675132,1289597,1130.16467000272
603359,东珠生态,2018-03-31,4,减持,7796170,3.42538225,-501400,-6.04273299291238
603056,德邦股份,2018-03-31,4,新进,2089468,0.21765292,2089468,0.21765292
002193,如意集团,2018-03-31,3,减持,19287254,7.36954834,-2111874,-9.86897223101801
000566,海南海药,2018-03-31,3,持平,203412260,15.22570488,0,0
002002,鸿达兴业,2018-03-31,3,减持,84204449,3.25799298,-70900,-0.0841289900798868
002578,闽发铝业,2018-03-31,3,增持,23560570,2.38444792,18287885,346.841978991728
002098,浔兴股份,2018-03-31,3,持平,8289902,2.31561508,0,0
601238,广汽集团,2018-03-31,3,增持,111678775,1.53092864,20861136,22.9703571131154
002475,立讯精密,2018-03-31,3,持平,217391148,6.85136269,0,0
000510,新金路,2018-03-31,3,增持,27159690,4.45838496,8443228,45.1112395066974
002447,*ST晨鑫,2018-03-31,3,减持,38536800,2.70018141,-8327145,-17.7687665859116
601000,唐山港,2018-03-31,3,增持,70802845,1.5532367,27149665,62.1940142734161
300309,吉艾科技,2018-03-31,3,增持,20902873,4.31854284,3073571,17.2388745224014
002383,合众思壮,2018-03-31,3,减持,53646263,7.22179746,-1185001,-2.16117760845345
002610,爱康科技,2018-03-31,3,减持,354202000,7.88717247,-5000000,-1.39197443221363
002547,春兴精工,2018-03-31,3,减持,50078381,4.43934779,-4529230,-8.29413687407054
000691,亚太实业,2018-03-31,3,增持,18715332,5.78938101,7789832,71.2995469314906
000502,绿景控股,2018-03-31,3,增持,9675060,5.23486667,2834305,41.4326342633233
002260,*ST德奥,2018-03-31,3,持平,15321902,5.77748944,0,0
000752,*ST西发,2018-03-31,3,增持,22198971,8.41640052,518580,2.39193103113316
600615,丰华股份,2018-03-31,3,减持,10725556,5.7044607,-334898,-3.02788655872535
002310,东方园林,2018-03-31,3,增持,180703574,6.73568746,46047584,34.1964616650177
000525,红太阳,2018-03-31,3,持平,25607680,4.40924175,0,0
601588,北辰实业,2018-03-31,3,减持,121207207,3.59983627,-116710463,-49.054978976551
002450,*ST康得,2018-03-31,3,增持,120375644,3.39957735,31357330,35.2257064765347
600979,广安爱众,2018-03-31,3,减持,17023886,1.79597289,-154713,-0.900614770738871
002370,亚太药业,2018-03-31,3,减持,29169326,5.43702282,-5383400,-15.5802468378327
002327,富安娜,2018-03-31,3,减持,26091520,2.99504015,-4139798,-13.6937397172032
300238,冠昊生物,2018-03-31,3,增持,21363128,8.05682394,2177968,11.3523577598519
300182,捷成股份,2018-03-31,3,增持,115954693,4.5031634,1760012,1.54123815977033
000889,中嘉博创,2018-03-31,3,减持,19824100,3.18804215,-2310120,-10.4368710530572
000657,中钨高新,2018-03-31,3,增持,5781042,0.91958946,959454,19.899128668812
600146,*ST环球,2018-03-31,3,增持,7020903,1.4939045,4843680,222.47055078878
000504,ST生物,2018-03-31,3,减持,89721542,28.79623155,-295700,-0.328492623668697
002044,美年健康,2018-03-31,3,减持,215053152,8.26712308,-27549717,-11.3558908489248
000723,美锦能源,2018-03-31,3,减持,72932204,1.77626425,-45516737,-38.427305990013
002288,超华科技,2018-03-31,3,减持,15281300,1.64025145,-2158278,-12.375746706715
002113,*ST天润,2018-03-31,3,持平,6798084,0.75401553,0,0
002168,惠程科技,2018-03-31,3,持平,35945674,4.38046822,0,0
002384,东山精密,2018-03-31,3,增持,41648500,3.88857341,8000000,23.7752054326344
600979,广安爱众,2018-03-31,3,减持,17023886,1.79597289,-154713,-0.900614770738871
002370,亚太药业,2018-03-31,3,减持,29169326,5.43702282,-5383400,-15.5802468378327
002327,富安娜,2018-03-31,3,减持,26091520,2.99504015,-4139798,-13.6937397172032
300238,冠昊生物,2018-03-31,3,增持,21363128,8.05682394,2177968,11.3523577598519
300182,捷成股份,2018-03-31,3,增持,115954693,4.5031634,1760012,1.54123815977033
000889,中嘉博创,2018-03-31,3,减持,19824100,3.18804215,-2310120,-10.4368710530572
000657,中钨高新,2018-03-31,3,增持,5781042,0.91958946,959454,19.899128668812
603260,合盛硅业,2018-03-31,3,增持,1800000,0.26865672,1800000,100
300475,聚隆科技,2018-03-31,3,增持,6408000,3.204,6408000,100
300518,盛讯达,2018-03-31,3,增持,3440135,3.68559567,1545335,81.5566286679333
002832,比音勒芬,2018-03-31,3,增持,4132841,3.87441736,1567258,61.0877917416821
600146,*ST环球,2018-03-31,3,增持,7020903,1.4939045,4843680,222.47055078878
000504,ST生物,2018-03-31,3,减持,89721542,28.79623155,-295700,-0.328492623668697
000723,美锦能源,2018-03-31,3,减持,72932204,1.77626425,-45516737,-38.427305990013
002288,超华科技,2018-03-31,3,减持,15281300,1.64025145,-2158278,-12.375746706715
002113,*ST天润,2018-03-31,3,持平,6798084,0.75401553,0,0
300301,长方集团,2018-03-31,3,减持,30444247,3.85317163,-51000,-0.167239176649397
002901,大博医疗,2018-03-31,3,增持,897565,0.22433516,541300,151.93746228229
002167,东方锆业,2018-03-31,3,增持,21004491,3.38265985,4874391,30.2192236873919
300342,天银机电,2018-03-31,3,增持,27343348,6.32976776,13934857,103.925616984044
603088,宁波精达,2018-03-31,3,减持,3376015,4.22001875,-426319,-11.2120345030184
600388,龙净环保,2018-03-31,3,增持,70952365,6.63695478,1002500,1.43316931347902
600645,中源协和,2018-03-31,3,减持,14936552,3.88665709,-4046060,-21.3145588183544
002712,思美传媒,2018-03-31,3,增持,32134161,9.39502453,1683077,5.52714970672308
300031,宝通科技,2018-03-31,3,持平,21541736,5.42930433,0,0
600575,淮河能源,2018-03-31,3,增持,381000000,9.80376752,40000000,11.7302052785924
002538,司尔特,2018-03-31,3,增持,54084838,7.53144554,1378200,2.61485090359966
000563,陕国投A,2018-03-31,3,持平,86660122,2.80408846,0,0
603979,金诚信,2018-03-31,3,增持,12537325,2.14313248,1368604,12.2539008719083
600512,腾达建设,2018-03-31,3,增持,98026950,6.13088851,7518056,8.30642787437
002584,西陇科学,2018-03-31,3,减持,11860968,2.02676609,-246732,-2.03781064942144
600771,广誉远,2018-03-31,3,增持,20439550,5.78841565,5147214,33.6587817583919
300086,康芝药业,2018-03-31,3,持平,21779932,4.83998489,0,0
002170,芭田股份,2018-03-31,3,减持,47107660,5.29271305,-7810840,-14.2226025838288
002917,金奥博,2018-03-31,3,增持,1417826,1.25404741,1417826,100
000989,九芝堂,2018-03-31,3,减持,24642308,2.83455317,-5244275,-17.5472552348992
000950,重药控股,2018-03-31,3,持平,13786895,0.79776745,0,0
000584,哈工智能,2018-03-31,3,增持,49907684,8.13724172,29642284,146.270411637569
000055,方大集团,2018-03-31,3,持平,37248353,3.14692661,0,0
300176,派生科技,2018-03-31,3,减持,9876310,9.20610552,-4848000,-32.9251421628586
002711,*ST欧浦,2018-03-31,3,减持,36091607,3.41753798,-1591120,-4.22241203509502
002089,ST新海,2018-03-31,3,增持,70580076,5.1343301,9351076,15.2722990739682
300178,腾邦国际,2018-03-31,3,增持,44373509,7.19755265,6864314,18.3003500874919
002220,天宝退,2018-03-31,3,增持,25512636,4.65996285,12544400,96.7317374545004
300270,中威电子,2018-03-31,3,增持,7844769,2.87878262,4430816,129.785500854874
601567,三星医疗,2018-03-31,3,增持,80468451,5.6391593,26234225,48.3720833408778
000096,广聚能源,2018-03-31,3,减持,28938123,5.48070511,-9264288,-24.2505322504383
002231,奥维通信,2018-03-31,3,减持,9446790,2.64764293,-11266367,-54.3923217498907
000632,三木集团,2018-03-31,3,减持,35463433,7.61803269,-13286226,-27.2539875612258
002576,通达动力,2018-03-31,3,减持,3708451,2.24618474,-6237911,-62.7155034172293
603989,艾华集团,2018-03-31,3,减持,5483860,1.82795333,-1200644,-17.9616019378551
300475,聚隆科技,2018-03-31,3,增持,6408000,3.204,6408000,100
603598,引力传媒,2018-03-31,3,减持,6789960,2.50447599,-621700,-8.388134372057
002761,多喜爱,2018-03-31,3,减持,2618205,2.1818375,-2279595,-46.5432439054269
300448,浩云科技,2018-03-31,3,持平,6977100,3.1950721,0,0
300444,双杰电气,2018-03-31,3,持平,13349822,4.10136615,0,0
300518,盛讯达,2018-03-31,3,增持,3440135,3.68559567,1545335,81.5566286679333
603313,梦百合,2018-03-31,3,持平,3362037,1.40084875,0,0
603322,超讯通信,2018-03-31,3,增持,555200,0.694,397200,251.392405063291
002832,比音勒芬,2018-03-31,3,增持,4132841,3.87441736,1567258,61.0877917416821
002840,华统股份,2018-03-31,3,增持,7704875,4.31242923,3611575,88.2313781056849
603038,华立股份,2018-03-31,3,增持,2191772,3.26384822,130930,6.35322843769682
002884,凌霄泵业,2018-03-31,3,减持,2062977,2.66293662,-73000,-3.4176397966832
002901,大博医疗,2018-03-31,3,增持,897565,0.22433516,541300,151.93746228229
300654,世纪天鸿,2018-03-31,3,增持,1200511,1.28603214,1200511,100
002917,金奥博,2018-03-31,3,增持,1417826,1.25404741,1417826,100
603260,合盛硅业,2018-03-31,3,增持,1800000,0.26865672,1800000,100
002056,横店东磁,2018-03-31,2,减持,29037068,1.76667486,-3330000,-10.2882349429982
002514,宝馨科技,2018-03-31,2,减持,17146748,3.09488945,-14138161,-45.1916321700025
002637,赞宇科技,2018-03-31,2,增持,16264600,3.85234486,1000600,6.55529350104822
002627,宜昌交运,2018-03-31,2,增持,7293319,3.93964663,4225234,137.715676065037
600589,广东榕泰,2018-03-31,2,持平,7173200,1.01703399,0,0
000601,韶能股份,2018-03-31,2,增持,47766009,4.42052059,9480829,24.7637049114044
600095,湘财股份,2018-03-31,2,减持,14383599,3.98146959,-5000000,-25.7950032911845
600693,东百集团,2018-03-31,2,增持,20492445,2.2814273,5252300,34.4635828596119
002321,华英农业,2018-03-31,2,减持,32052182,5.99901103,-21912000,-40.6047107320185
000666,经纬纺机,2018-03-31,2,增持,5546555,0.78771747,1035137,22.9448257731826
000682,东方电子,2018-03-31,2,增持,18413105,1.88241646,1478948,8.73352006834471
002244,滨江集团,2018-03-31,2,减持,166629087,5.3553621,-3100182,-1.82654530845826
000026,飞亚达,2018-03-31,2,持平,18524998,4.22227103,0,0
000797,中国武夷,2018-03-31,2,持平,8975308,0.89070476,0,0
002301,齐心集团,2018-03-31,2,增持,35257177,8.24021133,7748756,28.1686687869144
000425,徐工机械,2018-03-31,2,持平,245656747,3.50551218,0,0
002380,科远智慧,2018-03-31,2,增持,12067030,5.02810413,6072830,101.311768042441
002139,拓邦股份,2018-03-31,2,增持,17387850,2.55756152,3887850,28.7988888888889
600595,*ST中孚,2018-03-31,2,增持,8226612,0.41946314,423702,5.43005109632176
002315,焦点科技,2018-03-31,2,增持,1280000,0.54468085,1280000,100
002317,众生药业,2018-03-31,2,持平,27289656,3.35063968,0,0
601991,大唐发电,2018-03-31,2,减持,79028264,0.42702491,-25239757,-24.2066136461917
600129,太极集团,2018-03-31,2,增持,17975331,3.22780207,1626671,9.94987356761961
000573,粤宏远A,2018-03-31,2,持平,22103200,3.40990573,0,0
000971,*ST高升,2018-03-31,2,增持,11907904,2.33114568,6375118,115.224373398863
002349,精华制药,2018-03-31,2,增持,12279548,1.46082549,3749048,43.9487486079362
600851,海欣股份,2018-03-31,2,减持,37948756,3.14390834,-23377260,-38.1196456655524
600346,恒力石化,2018-03-31,2,减持,40485537,0.89075327,-51492594,-55.9835185170266
300232,洲明科技,2018-03-31,2,增持,14000066,2.20570113,1717851,13.9864918502078
600077,宋都股份,2018-03-31,2,增持,22015535,1.6428004,3328300,17.8105535677161
000544,中原环保,2018-03-31,2,减持,8429543,1.29727257,-1277057,-13.1565841798364
300089,文化长城,2018-03-31,2,减持,5958030,1.37029164,-8664077,-59.2532731431934
002612,朗姿股份,2018-03-31,2,增持,4394700,1.098675,1330000,43.3973961562306
300294,博雅生物,2018-03-31,2,增持,21777310,5.42970529,7540865,52.9687362259328
300023,宝德股份,2018-03-31,2,增持,1785291,0.56477467,1371791,331.751148730351
600093,易见股份,2018-03-31,2,减持,3017319,0.26881604,-1581100,-34.3835566093477
002171,楚江新材,2018-03-31,2,增持,49728306,4.65094756,22591362,83.2494698002841
300324,旋极信息,2018-03-31,2,增持,31007719,2.64526699,11711711,60.6949945294384
002241,歌尔股份,2018-03-31,2,持平,57241201,1.76392504,0,0
600355,精伦电子,2018-03-31,2,增持,16880473,3.43036852,6189814,57.8992744974842
002313,日海智能,2018-03-31,2,减持,24402619,7.82135224,-728301,-2.8980276090171
000757,浩物股份,2018-03-31,2,持平,5966340,1.321094,0,0
600083,*ST博信,2018-03-31,2,减持,7325358,3.18493826,-3171933,-30.2166816181432
000662,*ST天夏,2018-03-31,2,减持,18920199,2.25014259,-10969536,-36.7000108900263
300085,银之杰,2018-03-31,2,减持,9450696,1.3374121,-370660,-3.77402061385414
000886,海南高速,2018-03-31,2,减持,9999301,1.01122723,-33299951,-76.9065271612544
600673,东阳光,2018-03-31,2,减持,66181907,2.68065157,-83000,-0.125254835112045
000681,视觉中国,2018-03-31,2,减持,14000000,1.99835155,-4000000,-22.2222222222222
600123,兰花科创,2018-03-31,2,持平,12242800,1.07167367,0,0
600157,ST永泰,2018-03-31,2,减持,596238281,4.79839129,-252610000,-29.7591460870261
600718,东软集团,2018-03-31,2,持平,23000467,1.85087906,0,0
002456,欧菲光,2018-03-31,2,增持,68355978,2.51822945,26677640,64.0084064772448
600508,上海能源,2018-03-31,2,减持,4914689,0.68002859,-1962446,-28.5358074256213
600535,天士力,2018-03-31,2,减持,17246526,1.59619723,-1558600,-8.28816568418632
601777,*ST力帆,2018-03-31,2,增持,25560824,1.95592698,4369200,20.6175798513601
000635,英力特,2018-03-31,2,增持,5746235,1.89589906,5746235,100
002422,科伦药业,2018-03-31,2,增持,78450600,5.44795833,7090600,9.93637892376682
002042,华孚时尚,2018-03-31,2,减持,42739100,4.21940776,-6153861,-12.5863945936921
600338,西藏珠峰,2018-03-31,2,减持,8327585,1.27526683,-5103600,-37.9981364265327
600137,浪莎股份,2018-03-31,2,减持,675100,0.69442168,-126200,-15.7494072132784
600267,海正药业,2018-03-31,2,持平,24155428,2.50177435,0,0
002572,索菲亚,2018-03-31,2,增持,36936400,3.99992935,12516000,51.2522317406758
300197,铁汉生态,2018-03-31,2,持平,63835839,4.20068352,0,0
600358,*ST联合,2018-03-31,2,持平,16884458,3.34387644,0,0
300174,元力股份,2018-03-31,2,持平,14176600,5.79109477,0,0
300032,金龙机电,2018-03-31,2,持平,29120443,3.62569036,0,0
002448,中原内配,2018-03-31,2,增持,24725129,4.07452541,24725129,100
600206,有研新材,2018-03-31,2,持平,20000000,2.36105673,0,0
000820,*ST节能,2018-03-31,2,减持,12047635,1.89058068,-4027200,-25.0528232482635
603333,尚纬股份,2018-03-31,2,减持,7357200,1.41483255,-4149900,-36.0638214667466
600671,*ST目药,2018-03-31,2,减持,3351051,2.75175044,-244100,-6.78970090546962
300027,华谊兄弟,2018-03-31,2,持平,33995793,1.22529178,0,0
002215,诺普信,2018-03-31,2,增持,55783095,6.10267325,6711228,13.6763249704765
600569,安阳钢铁,2018-03-31,2,减持,9358348,0.39095996,-641692,-6.41689433242267
300021,大禹节水,2018-03-31,2,减持,27140000,3.40372939,-4417450,-13.9981208874608
600057,厦门象屿,2018-03-31,2,持平,81109532,5.56406313,0,0
002660,茂硕电源,2018-03-31,2,增持,4735505,1.72337765,2305402,94.8684891134244
600712,南宁百货,2018-03-31,2,持平,18436732,3.38502718,0,0
300013,新宁物流,2018-03-31,2,减持,9888966,3.32076939,-9638671,-49.3591262475844
002631,德尔未来,2018-03-31,2,增持,11192645,1.72067473,3059894,37.6243413821473
002363,隆基机械,2018-03-31,2,减持,7968746,1.91510219,-1232289,-13.3929389465424
000669,*ST金鸿,2018-03-31,2,增持,17248228,3.54897222,17248228,100
300367,ST网力,2018-03-31,2,增持,30855713,3.60831409,21631224,234.497802534102
002413,雷科防务,2018-03-31,2,增持,12017054,1.08993661,6056089,101.595781891019
601099,太平洋,2018-03-31,2,增持,67954002,0.99693146,15353913,29.189899279448
300202,聚龙股份,2018-03-31,2,持平,9352454,1.70198106,0,0
600682,南京新百,2018-03-31,2,增持,33606768,3.02226075,16503773,96.4963914215025
002273,水晶光电,2018-03-31,2,增持,10108001,1.52206438,4546201,81.7397425293969
002887,绿茵生态,2018-03-31,2,减持,1319172,1.648965,-1431900,-52.0488013399867
601777,*ST力帆,2018-03-31,2,增持,25560824,1.95592698,4369200,20.6175798513601
603679,华体科技,2018-03-31,2,增持,1015765,1.00580751,1015765,100
601155,新城控股,2018-03-31,2,持平,17686736,0.7835058,0,0
000635,英力特,2018-03-31,2,增持,5746235,1.89589906,5746235,100
002042,华孚时尚,2018-03-31,2,减持,42739100,4.21940776,-6153861,-12.5863945936921
600137,浪莎股份,2018-03-31,2,减持,675100,0.69442168,-126200,-15.7494072132784
002489,浙江永强,2018-03-31,2,持平,117472457,5.39920421,0,0
002747,埃斯顿,2018-03-31,2,减持,10896281,1.29951109,-10990000,-50.2141044428699
300197,铁汉生态,2018-03-31,2,持平,63835839,4.20068352,0,0
600358,*ST联合,2018-03-31,2,持平,16884458,3.34387644,0,0
300174,元力股份,2018-03-31,2,持平,14176600,5.79109477,0,0
300032,金龙机电,2018-03-31,2,持平,29120443,3.62569036,0,0
002448,中原内配,2018-03-31,2,增持,24725129,4.07452541,24725129,100
600206,有研新材,2018-03-31,2,持平,20000000,2.36105673,0,0
002617,露笑科技,2018-03-31,2,增持,28422640,3.86794802,2173301,8.2794503892079
000820,*ST节能,2018-03-31,2,减持,12047635,1.89058068,-4027200,-25.0528232482635
603333,尚纬股份,2018-03-31,2,减持,7357200,1.41483255,-4149900,-36.0638214667466
002664,长鹰信质,2018-03-31,2,减持,22454910,5.61344683,-2583300,-10.3174308387061
600671,*ST目药,2018-03-31,2,减持,3351051,2.75175044,-244100,-6.78970090546962
600569,安阳钢铁,2018-03-31,2,减持,9358348,0.39095996,-641692,-6.41689433242267
002667,鞍重股份,2018-03-31,2,持平,1670057,1.22834437,0,0
603501,韦尔股份,2018-03-31,2,增持,1765300,0.38728522,1765300,100
603617,君禾股份,2018-03-31,2,减持,1310600,1.3106,-8132,-0.616652966637649
002217,合力泰,2018-03-31,2,增持,156233326,4.99417552,156233326,100
002212,天融信,2018-03-31,2,增持,24245501,2.11399906,374176,1.56747059495022
300128,锦富技术,2018-03-31,2,增持,33689553,4.00290668,5637867,20.0981395556759
603766,隆鑫通用,2018-03-31,2,减持,43972450,2.08096736,-20514050,-31.8113868794244
300267,尔康制药,2018-03-31,2,减持,46398208,2.2494957,-64491674,-58.15830338786
300021,大禹节水,2018-03-31,2,减持,27140000,3.40372939,-4417450,-13.9981208874608
002132,恒星科技,2018-03-31,2,减持,78803282,6.27132842,-12565610,-13.7526128695968
600057,厦门象屿,2018-03-31,2,持平,81109532,5.56406313,0,0
002660,茂硕电源,2018-03-31,2,增持,4735505,1.72337765,2305402,94.8684891134244
600712,南宁百货,2018-03-31,2,持平,18436732,3.38502718,0,0
300013,新宁物流,2018-03-31,2,减持,9888966,3.32076939,-9638671,-49.3591262475844
002631,德尔未来,2018-03-31,2,增持,11192645,1.72067473,3059894,37.6243413821473
002363,隆基机械,2018-03-31,2,减持,7968746,1.91510219,-1232289,-13.3929389465424
000669,*ST金鸿,2018-03-31,2,增持,17248228,3.54897222,17248228,100
300367,ST网力,2018-03-31,2,增持,30855713,3.60831409,21631224,234.497802534102
000506,中润资源,2018-03-31,2,减持,15839954,1.70502166,-101708846,-86.524784600098
002628,成都路桥,2018-03-31,2,减持,17246739,2.33880658,-648000,-3.62117603391701
600502,安徽建工,2018-03-31,2,减持,13207660,0.92084347,-2106750,-13.7566514152357
002537,海联金汇,2018-03-31,2,减持,46773658,3.73785548,-184900,-0.393751443560085
000939,凯迪退,2018-03-31,2,持平,286485824,7.29046601,0,0
002515,金字火腿,2018-03-31,2,减持,30880000,3.15645311,-18624000,-37.6212023270847
600513,联环药业,2018-03-31,2,持平,7797765,2.73168462,0,0
002540,亚太科技,2018-03-31,2,减持,6512092,0.51254946,-656108,-9.15303702463659
600365,ST通葡,2018-03-31,2,减持,17258184,4.314546,-424161,-2.39878251442329
300042,朗科科技,2018-03-31,2,增持,3389831,2.53729865,1758731,107.824842131077
000023,深天地A,2018-03-31,2,减持,4661253,3.35931054,-107000,-2.24400844502169
002213,大为股份,2018-03-31,2,减持,14645602,7.10951553,-3425800,-18.9570239209996
002201,九鼎新材,2018-03-31,2,减持,9537585,2.86872727,-1254506,-11.6243089499523
600841,上柴股份,2018-03-31,2,增持,10807093,1.24693894,3867191,55.7240001371777
601677,明泰铝业,2018-03-31,2,增持,14480045,2.45431008,7185890,98.5157293750955
002021,ST中捷,2018-03-31,2,减持,10729715,1.55997098,-11433222,-51.5871249374575
600538,国发股份,2018-03-31,2,增持,8535801,1.83802309,8535801,100
002239,奥特佳,2018-03-31,2,增持,21679234,0.69232659,21679234,100
300387,富邦股份,2018-03-31,2,持平,1960000,1.56872789,0,0
002009,天奇股份,2018-03-31,2,减持,6733547,1.81717914,-1140699,-14.4864536871213
000926,福星股份,2018-03-31,2,减持,54779043,5.6384741,-53705091,-49.5050188629427
600552,凯盛科技,2018-03-31,2,减持,13296546,1.73346632,-18478215,-58.1537497638456
000931,中关村,2018-03-31,2,持平,5899442,0.78332634,0,0
002628,成都路桥,2018-03-31,2,减持,17246739,2.33880658,-648000,-3.62117603391701
002388,新亚制程,2018-03-31,2,增持,3846803,0.76360818,3846803,100
300278,华昌达,2018-03-31,2,减持,17142800,3.14521736,-1404400,-7.57203243616287
002418,*ST康盛,2018-03-31,2,减持,19593690,1.72418954,-3362298,-14.6467143997462
000929,兰州黄河,2018-03-31,2,减持,7559271,4.06924356,-6175000,-44.9605224769484
002524,光正眼科,2018-03-31,2,减持,11194700,2.22411494,-1895181,-14.478214125858
600682,南京新百,2018-03-31,2,增持,33606768,3.02226075,16503773,96.4963914215025
002316,亚联发展,2018-03-31,2,持平,19615442,4.98968304,0,0
601872,招商轮船,2018-03-31,2,持平,44758404,0.84458454,0,0
002489,浙江永强,2018-03-31,2,持平,117472457,5.39920421,0,0
600363,联创光电,2018-03-31,2,增持,15250000,3.43873721,2690000,21.4171974522293
000836,富通信息,2018-03-31,2,增持,31172284,2.57951501,1072284,3.56240531561462
600856,*ST中天,2018-03-31,2,增持,31162948,2.28023621,1784307,6.07348379388958
300225,金力泰,2018-03-31,2,增持,25050000,5.32593443,2296800,10.0944043035705
603916,苏博特,2018-03-31,2,增持,862700,0.28378289,862700,100
002217,合力泰,2018-03-31,2,增持,156233326,4.99417552,156233326,100
002666,德联集团,2018-03-31,2,增持,7243879,0.9603073,7243879,100
603399,吉翔股份,2018-03-31,2,持平,105518000,19.29910832,0,0
600793,宜宾纸业,2018-03-31,2,增持,3373900,3.20408357,793483,30.750184950727
002169,智光电气,2018-03-31,2,增持,24945256,3.16647747,8535000,52.0101575502539
002245,蔚蓝锂芯,2018-03-31,2,增持,33200004,3.36339094,8210700,32.8568574779033
002336,ST人乐,2018-03-31,2,增持,6434200,1.60855,4616700,254.013755158184
000903,云内动力,2018-03-31,2,持平,63803678,3.23744927,0,0
002259,*ST升达,2018-03-31,2,增持,35488200,4.71711639,7254600,25.6949166950017
600620,天宸股份,2018-03-31,2,持平,27882407,4.06048294,0,0
000506,中润资源,2018-03-31,2,减持,15839954,1.70502166,-101708846,-86.524784600098
600749,西藏旅游,2018-03-31,2,增持,6245584,2.75177661,2996084,92.2013848284351
002197,证通电子,2018-03-31,2,持平,32084768,6.22815399,0,0
002402,和而泰,2018-03-31,2,减持,17928495,2.12175285,-37547235,-67.682272950712
300164,通源石油,2018-03-31,2,增持,22708576,5.05463805,1684180,8.01059873491728
002647,仁东控股,2018-03-31,2,减持,20337115,5.44805783,-4777018,-19.021233980086
603679,华体科技,2018-03-31,2,增持,1015765,1.00580751,1015765,100
002305,南国置业,2018-03-31,2,持平,47000000,2.71015873,0,0
002647,仁东控股,2018-03-31,2,减持,20337115,5.44805783,-4777018,-19.021233980086
300119,瑞普生物,2018-03-31,2,增持,17879217,4.4201498,12141685,211.61860186575
600861,北京城乡,2018-03-31,2,持平,4476710,1.41308083,0,0
600400,红豆股份,2018-03-31,2,增持,56864484,3.14260576,30600000,116.507143258554
000721,西安饮食,2018-03-31,2,减持,7798700,1.56269061,-3149900,-28.7698883875564
600106,重庆路桥,2018-03-31,2,持平,160361511,16.0599809,0,0
002615,哈尔斯,2018-03-31,2,减持,10470982,2.55140887,-502700,-4.58096015539725
300195,长荣股份,2018-03-31,2,增持,6155750,1.42006516,3353670,119.685019699652
600370,三房巷,2018-03-31,2,增持,8110886,1.01736528,3634099,81.1765000211089
300398,飞凯材料,2018-03-31,2,增持,7498494,1.75715502,7498494,100
300362,天翔环境,2018-03-31,2,持平,7997891,1.8301844,0,0
002725,跃岭股份,2018-03-31,2,增持,3813972,2.3837325,122600,3.32125832888151
600071,凤凰光学,2018-03-31,2,减持,5377000,2.2642626,-50761,-0.935210669740248
002723,金莱特,2018-03-31,2,减持,2776693,1.48724853,-4138829,-59.8483961152896
603136,天目湖,2018-03-31,2,增持,430000,0.5375,230000,115
300400,劲拓股份,2018-03-31,2,增持,10409394,4.27578312,6936200,199.706667695499
002729,好利来,2018-03-31,2,减持,695660,1.04328134,-3493036,-83.3919673330316
603688,石英股份,2018-03-31,2,减持,5420063,1.60671581,-5954138,-52.3477473274826
603999,读者传媒,2018-03-31,2,持平,9077500,1.57595487,0,0
300430,诚益通,2018-03-31,2,减持,5763926,3.17853171,-2962383,-33.9477206227742
300607,拓斯达,2018-03-31,2,减持,3235200,2.48018109,-737596,-18.5661685120505
603825,华扬联众,2018-03-31,2,减持,4126876,2.57929751,-1195987,-22.4688668485362
002766,ST索菱,2018-03-31,2,增持,4817700,1.14230092,3866600,406.539796025655
002769,普路通,2018-03-31,2,持平,4578909,1.21613373,0,0
300477,合纵科技,2018-03-31,2,减持,11319084,3.49957724,-469200,-3.98022307572502
300437,清水源,2018-03-31,2,增持,10576993,4.84467653,70,0.000661818186631405
002759,天际股份,2018-03-31,2,持平,4004488,0.88559603,0,0
300660,江苏雷利,2018-03-31,2,增持,2542357,2.49445352,197281,8.41256317492482
603089,正裕工业,2018-03-31,2,增持,1135400,1.06440424,1135400,100
300497,富祥药业,2018-03-31,2,增持,1922662,1.71192033,1922662,100
603919,金徽酒,2018-03-31,2,增持,14914804,4.09747362,1036804,7.47084594321948
300578,会畅通讯,2018-03-31,2,减持,2176957,2.95939016,-413900,-15.9754089090984
300531,优博讯,2018-03-31,2,增持,1188600,0.4245,808600,212.789473684211
603667,五洲新春,2018-03-31,2,增持,7888707,3.89758251,9200,0.116758573854938
300673,佩蒂股份,2018-03-31,2,减持,1615000,2.01875,-32800,-1.99053283165433
603520,司太立,2018-03-31,2,持平,2371000,1.97583334,0,0
002788,鹭燕医药,2018-03-31,2,持平,1930810,1.50645867,0,0
603383,顶点软件,2018-03-31,2,减持,416700,0.48528539,-1258873,-75.1308955205175
300492,华图山鼎,2018-03-31,2,减持,616900,0.74146635,-2035246,-76.7395912593047
603936,博敏电子,2018-03-31,2,减持,2635471,1.57482582,-733883,-21.7811188732321
300525,博思软件,2018-03-31,2,增持,4769152,6.62087961,1167516,32.416268606822
002810,山东赫达,2018-03-31,2,减持,2006425,2.09964943,-575885,-22.3011567162734
603078,江化微,2018-03-31,2,增持,446300,0.74383334,446300,100
603906,龙蟠科技,2018-03-31,2,减持,2049900,0.96821274,-714000,-25.8330619776403
603557,起步股份,2018-03-31,2,增持,2062072,0.43875772,2062072,100
603895,天永智能,2018-03-31,2,新进,230000,0.29792746,230000,0.29792746
000997,新大陆,2018-03-31,1,减持,6800000,0.67272787,-5780280,-45.9471490300693
000540,中天金融,2018-03-31,1,持平,133714427,2.84640205,0,0
603806,福斯特,2018-03-31,1,增持,3111711,0.77405746,1322077,73.8741552742069
002479,富春环保,2018-03-31,1,增持,3700000,0.46461983,3700000,100
600837,海通证券,2018-03-31,1,持平,187702412,1.63195364,0,0
600588,用友网络,2018-03-31,1,持平,36267110,2.4768931,0,0
603806,福斯特,2018-03-31,1,增持,3111711,0.77405746,1322077,73.8741552742069
002479,富春环保,2018-03-31,1,增持,3700000,0.46461983,3700000,100
300356,光一科技,2018-03-31,1,减持,5804900,1.39927813,-3279550,-36.1006995470282
002482,广田集团,2018-03-31,1,增持,15739888,1.02387929,15739888,100
600497,驰宏锌锗,2018-03-31,1,减持,28550000,0.56076144,-340000,-1.17687781239183
002465,海格通信,2018-03-31,1,增持,27233558,1.18027248,2909300,11.96048816782
000338,潍柴动力,2018-03-31,1,增持,45636675,0.57065542,45636675,100
600859,王府井,2018-03-31,1,增持,3578353,0.46097924,3578353,100
600376,首开股份,2018-03-31,1,持平,67508253,2.61703995,0,0
002118,紫鑫药业,2018-03-31,1,减持,16516482,1.28958464,-21227752,-56.2410459833415
300072,三聚环保,2018-03-31,1,持平,37000000,2.04636967,0,0
002180,纳思达,2018-03-31,1,增持,26989135,2.53755557,26989135,100
300379,东方通,2018-03-31,1,增持,6043228,2.18142105,41400,0.68978984402752
000540,中天金融,2018-03-31,1,持平,133714427,2.84640205,0,0
600703,三安光电,2018-03-31,1,持平,91697853,2.24836437,0,0
300383,光环新网,2018-03-31,1,减持,15280000,1.05645144,-5000000,-24.65483234714
300273,和佳医疗,2018-03-31,1,减持,7367120,0.93512307,-461500,-5.89503641765726
600516,方大炭素,2018-03-31,1,增持,5091211,0.28461689,5091211,100
000428,华天酒店,2018-03-31,1,持平,5515146,0.54127051,0,0
300339,润和软件,2018-03-31,1,持平,21096076,2.64889363,0,0
600177,雅戈尔,2018-03-31,1,持平,441589980,12.32993079,0,0
600498,烽火通信,2018-03-31,1,持平,8298444,0.74496397,0,0
000591,太阳能,2018-03-31,1,持平,45000000,1.49645936,0,0
002880,卫光生物,2018-03-31,1,持平,254696,0.23582963,0,0
002680,长生退,2018-03-31,1,增持,5210000,0.53507769,5210000,100
002072,ST凯瑞,2018-03-31,1,持平,3584700,2.03676136,0,0
002030,达安基因,2018-03-31,1,减持,18055166,2.49064093,-200000,-1.09558028669802
002013,中航机电,2018-03-31,1,减持,29391875,1.22173156,-19500693,-39.8847796254024
601555,东吴证券,2018-03-31,1,持平,53120000,1.77066667,0,0
300411,金盾股份,2018-03-31,1,持平,4499700,1.70741247,0,0
600966,博汇纸业,2018-03-31,1,增持,47890664,3.58236665,4845000,11.2554890546003
603266,天龙股份,2018-03-31,1,增持,254716,0.254716,54716,27.358
000697,炼石航空,2018-03-31,1,增持,2906000,0.51922523,2906000,100
600577,精达股份,2018-03-31,1,增持,16456664,0.84163351,16456664,100
600739,辽宁成大,2018-03-31,1,增持,48001505,3.13794842,34502282,255.587169720805
600499,科达制造,2018-03-31,1,减持,18800000,1.19198149,-12358256,-39.6628617468192
300078,思创医惠,2018-03-31,1,持平,5600000,0.69316768,0,0
600518,ST康美,2018-03-31,1,持平,231901482,4.6620357,0,0
000603,盛达资源,2018-03-31,1,持平,6284965,0.91090496,0,0
600114,东睦股份,2018-03-31,1,持平,6916426,1.58507237,0,0
000156,华数传媒,2018-03-31,1,持平,8369876,0.58393727,0,0
000639,西王食品,2018-03-31,1,持平,8704334,1.58051238,0,0
300296,利亚德,2018-03-31,1,持平,26950281,1.58975162,0,0
603558,健盛集团,2018-03-31,1,减持,5291600,1.27093054,-1719650,-24.5270101622393
600199,金种子酒,2018-03-31,1,持平,3000000,0.53978678,0,0
000758,中色股份,2018-03-31,1,增持,5603063,0.28450921,5603063,100
002488,金固股份,2018-03-31,1,减持,5013390,0.7436766,-2646575,-34.5507453363038
600061,国投资本,2018-03-31,1,增持,23520500,0.55641775,23520500,100
002470,*ST金正,2018-03-31,1,持平,27210765,0.86168968,0,0
002512,达华智能,2018-03-31,1,减持,8801389,0.80349648,-14901575,-62.8679814051947
002354,*ST天娱,2018-03-31,1,持平,13166367,1.40539153,0,0
000046,泛海控股,2018-03-31,1,持平,61476574,1.18310624,0,0
002277,友阿股份,2018-03-31,1,持平,28000000,1.97655635,0,0
601118,海南橡胶,2018-03-31,1,增持,13419985,0.31359298,13419985,100
000555,神州信息,2018-03-31,1,增持,2346499,0.24355645,2346499,100
000422,ST宜化,2018-03-31,1,减持,5235295,0.58308153,-9359327,-64.128601617774
600406,国电南瑞,2018-03-31,1,增持,13188668,0.31386864,13188668,100
600654,ST中安,2018-03-31,1,持平,5290730,0.41236504,0,0
603156,养元饮品,2018-03-31,1,新进,284500,0.05287613,284500,0.05287613
000735,罗牛山,2018-03-31,1,持平,51901088,4.50720591,0,0
300159,新研股份,2018-03-31,1,减持,36801774,2.46932077,-46502345,-55.8223837647212
601600,中国铝业,2018-03-31,1,持平,69000000,0.46296923,0,0
002366,台海核电,2018-03-31,1,持平,7903282,0.91150626,0,0
300142,沃森生物,2018-03-31,1,持平,33037923,2.14889607,0,0
603616,韩建河山,2018-03-31,1,增持,1093000,0.37257977,1093000,100
002602,世纪华通,2018-03-31,1,持平,15087262,1.0339246,0,0
000961,中南建设,2018-03-31,1,持平,130758148,3.52467904,0,0
600369,西南证券,2018-03-31,1,持平,88738868,1.57196019,0,0
002055,得润电子,2018-03-31,1,减持,2410000,0.51590077,-1576529,-39.546407413567
600208,新湖中宝,2018-03-31,1,增持,110000000,1.27916741,110000000,100
600741,华域汽车,2018-03-31,1,持平,26134813,0.82895975,0,0
002237,恒邦股份,2018-03-31,1,持平,45511842,4.99910391,0,0
600271,航天信息,2018-03-31,1,增持,14917274,0.80077619,14917274,100
002493,荣盛石化,2018-03-31,1,增持,39101274,1.02466651,39101274,100
300317,珈伟新能,2018-03-31,1,减持,12189926,1.42684146,-2101800,-14.7064112480186
300310,宜通世纪,2018-03-31,1,减持,9554928,1.0688034,-8736155,-47.7618247098873
600971,恒源煤电,2018-03-31,1,持平,10543850,1.05438071,0,0
000762,西藏矿业,2018-03-31,1,减持,1587700,0.30484665,-7620944,-82.7585907327941
002094,青岛金王,2018-03-31,1,增持,2588955,0.65952506,2588955,100
603568,伟明环保,2018-03-31,1,增持,7574240,1.10129115,7574240,100
600686,金龙汽车,2018-03-31,1,持平,10009609,1.64974018,0,0
600614,*ST鹏起,2018-03-31,1,持平,91588168,5.22532743,0,0
300006,莱美药业,2018-03-31,1,减持,14190058,1.74702513,-19928800,-58.4099268504239
002455,百川股份,2018-03-31,1,增持,12732600,2.46289419,12732600,100
600105,永鼎股份,2018-03-31,1,减持,7500363,0.77813225,-2864732,-27.6382609131899
300156,神雾退,2018-03-31,1,增持,5968107,0.5908874,5968107,100
600418,江淮汽车,2018-03-31,1,减持,33857879,1.7882883,-13223000,-28.0857118236896
000829,天音控股,2018-03-31,1,持平,86300019,8.1316349,0,0
300347,泰格医药,2018-03-31,1,持平,10743715,2.1479846,0,0
300306,远方信息,2018-03-31,1,增持,10507238,3.65502958,690399,7.03280353278688
600480,凌云股份,2018-03-31,1,减持,8063037,1.77181969,-1851817,-18.6771988775629
002614,奥佳华,2018-03-31,1,增持,5383000,0.95997461,5383000,100
002031,巨轮智能,2018-03-31,1,持平,14429269,0.65605608,0,0
002121,*ST科陆,2018-03-31,1,减持,8305205,0.58978979,-815400,-8.94019640144486
601618,中国中冶,2018-03-31,1,增持,131102041,0.63262136,131102041,100
000536,*ST华映,2018-03-31,1,增持,59470788,2.15003914,50746193,581.64525688585
600027,华电国际,2018-03-31,1,持平,800766729,8.11891539,0,0
600277,亿利洁能,2018-03-31,1,持平,52751095,1.92596742,0,0
600480,凌云股份,2018-03-31,1,减持,8063037,1.77181969,-1851817,-18.6771988775629
600482,中国动力,2018-03-31,1,减持,18440000,1.06339368,-23500000,-56.0324272770625
600863,内蒙华电,2018-03-31,1,持平,16359300,0.28168076,0,0
002031,巨轮智能,2018-03-31,1,持平,14429269,0.65605608,0,0
002920,德赛西威,2018-03-31,1,增持,1547045,0.28128091,1547045,100
000901,航天科技,2018-03-31,1,减持,4730966,1.15541456,-810700,-14.6291746922315
601618,中国中冶,2018-03-31,1,增持,131102041,0.63262136,131102041,100
000536,*ST华映,2018-03-31,1,增持,59470788,2.15003914,50746193,581.64525688585
600804,鹏博士,2018-03-31,1,持平,29597820,2.06622819,0,0
600864,哈投股份,2018-03-31,1,持平,16578217,0.78625131,0,0
600208,新湖中宝,2018-03-31,1,增持,110000000,1.27916741,110000000,100
603659,璞泰来,2018-03-31,1,减持,1029083,0.23782669,-478200,-31.7259598894169
300662,科锐国际,2018-03-31,1,减持,891424,0.49523556,-287800,-24.4058804773309
600216,浙江医药,2018-03-31,1,持平,7860312,0.81402722,0,0
600271,航天信息,2018-03-31,1,增持,14917274,0.80077619,14917274,100
002320,海峡股份,2018-03-31,1,减持,3554969,0.69977093,-11709693,-76.7111187918868
002077,*ST大港,2018-03-31,1,减持,15180000,2.61566966,-11680130,-43.4850091939242
002153,石基信息,2018-03-31,1,增持,4899805,0.45930415,4899805,100
002799,环球印务,2018-03-31,1,增持,509950,0.33996667,509950,100
000677,恒天海龙,2018-03-31,1,持平,5151814,0.59628999,0,0
002183,怡亚通,2018-03-31,1,持平,75437913,3.55386962,0,0
600831,广电网络,2018-03-31,1,减持,5602310,0.92605111,-3877690,-40.9039029535865
601002,晋亿实业,2018-03-31,1,持平,2930900,0.36974101,0,0
000410,*ST沈机,2018-03-31,1,增持,4170000,0.54476272,4170000,100
300120,经纬辉开,2018-03-31,1,增持,2437800,0.82768656,2437800,100
600590,泰豪科技,2018-03-31,1,增持,3047100,0.45686358,3047100,100
002344,海宁皮城,2018-03-31,1,增持,14018691,1.09286651,14018691,100
002345,潮宏基,2018-03-31,1,持平,14720000,1.62577793,0,0
600501,航天晨光,2018-03-31,1,减持,14630499,3.47283849,-1678455,-10.2916164948408
002354,*ST天娱,2018-03-31,1,持平,13166367,1.40539153,0,0
002736,国信证券,2018-03-31,1,持平,2062145110,25.1481111,0,0
000589,贵州轮胎,2018-03-31,1,增持,2772500,0.35752774,185500,7.17046772323154
600963,岳阳林纸,2018-03-31,1,增持,4238700,0.30325531,4238700,100
000982,*ST中绒,2018-03-31,1,持平,8800000,0.48752294,0,0
000975,银泰黄金,2018-03-31,1,持平,12595000,0.88904102,0,0
000981,*ST银亿,2018-03-31,1,减持,11085103,0.27520186,-1313100,-10.591050977307
000890,*ST胜尔,2018-03-31,1,增持,1290000,0.33979416,1290000,100
600829,人民同泰,2018-03-31,1,减持,4529412,0.78108313,-3664100,-44.7195293056262
002324,普利特,2018-03-31,1,减持,2107420,0.77807649,-1792954,-45.9687711998901
002268,卫士通,2018-03-31,1,减持,13175911,1.57167419,-1696197,-11.4052224472819
600227,圣济堂,2018-03-31,1,持平,28950670,1.66735886,0,0
600593,大连圣亚,2018-03-31,1,增持,1197070,1.30116304,1197070,100
002592,ST八菱,2018-03-31,1,持平,13484121,4.75913809,0,0
002548,金新农,2018-03-31,1,减持,1707700,0.44875915,-1185900,-40.9835499032347
000719,中原传媒,2018-03-31,1,增持,9408921,0.91955498,123800,1.3333159578642
300205,天喻信息,2018-03-31,1,减持,1509906,0.35109521,-4022648,-72.708698369686
002604,龙力退,2018-03-31,1,持平,5714286,0.9530777,0,0
300066,三川智慧,2018-03-31,1,增持,3705500,0.35628668,3705500,100
600992,贵绳股份,2018-03-31,1,减持,3940575,1.60780734,-1105849,-21.9135173738869
002381,双箭股份,2018-03-31,1,持平,6347300,1.48128355,0,0
002412,汉森制药,2018-03-31,1,减持,3124400,1.05554054,-39211603,-92.6199929643807
002574,明牌珠宝,2018-03-31,1,持平,2591719,0.49085587,0,0
002229,鸿博股份,2018-03-31,1,减持,3120000,0.62058404,-18551121,-85.6029598099701
002831,裕同科技,2018-03-31,1,增持,4000000,0.999975,4000000,100
600892,*ST大晟,2018-03-31,1,增持,4465400,0.79815654,365800,8.92282173870622
300299,富春股份,2018-03-31,1,持平,10897303,1.91179428,0,0
603005,晶方科技,2018-03-31,1,增持,5339100,2.29434483,610000,12.8988602482502
002640,跨境通,2018-03-31,1,增持,18589873,1.23244075,18589873,100
000637,茂化实华,2018-03-31,1,增持,3394497,0.6529444,890000,35.5360777034271
002188,ST巴士,2018-03-31,1,减持,10086591,3.41192554,-11989254,-54.3093775119367
300108,吉药控股,2018-03-31,1,持平,27900000,4.18909689,0,0
300095,华伍股份,2018-03-31,1,增持,3682500,0.97237773,3682500,100
600890,中房股份,2018-03-31,1,增持,4334243,0.74832199,4334243,100
600757,长江传媒,2018-03-31,1,增持,6008282,0.49505876,500000,9.07724041724806
600221,海航控股,2018-03-31,1,持平,460893854,2.74241672,0,0
300228,富瑞特装,2018-03-31,1,持平,6095235,1.28617208,0,0
002462,嘉事堂,2018-03-31,1,增持,4435919,1.77063994,390500,9.65289380407814
603239,浙江仙通,2018-03-31,1,增持,612300,0.22617465,612300,100
600493,凤竹纺织,2018-03-31,1,持平,8191908,3.01173088,0,0
002665,首航高科,2018-03-31,1,增持,18648819,0.73457544,18648819,100
002663,普邦股份,2018-03-31,1,减持,15871219,0.88375207,-21035181,-56.996025079661
000668,荣丰控股,2018-03-31,1,减持,3264439,2.22309792,-4089663,-55.6106374374465
600701,*ST工新,2018-03-31,1,减持,9200000,0.88911635,-8472265,-47.9410251034601
002453,华软科技,2018-03-31,1,持平,19022251,3.32964309,0,0
000800,一汽解放,2018-03-31,1,持平,6339715,0.38953702,0,0
002063,远光软件,2018-03-31,1,增持,4269838,0.70341628,4269838,100
002673,西部证券,2018-03-31,1,持平,342775944,9.78845311,0,0
600339,中油工程,2018-03-31,1,增持,97409983,1.74471449,97409983,100
300159,新研股份,2018-03-31,1,减持,36801774,2.46932077,-46502345,-55.8223837647212
600246,万通发展,2018-03-31,1,减持,5938801,0.28913214,-5720030,-49.0617798645507
300440,运达科技,2018-03-31,1,增持,958000,0.21009233,958000,100
000967,盈峰环境,2018-03-31,1,持平,9292071,0.79624334,0,0
300072,三聚环保,2018-03-31,1,持平,37000000,2.04636967,0,0
002013,中航机电,2018-03-31,1,减持,29391875,1.22173156,-19500693,-39.8847796254024
300156,神雾退,2018-03-31,1,增持,5968107,0.5908874,5968107,100
002672,东江环保,2018-03-31,1,增持,11272343,1.26906915,11272343,100
002653,海思科,2018-03-31,1,持平,9886568,0.91519416,0,0
601717,郑煤机,2018-03-31,1,持平,16456303,0.94987446,0,0
002511,中顺洁柔,2018-03-31,1,持平,16653078,2.19852906,0,0
002190,成飞集成,2018-03-31,1,增持,1414200,0.39422479,1414200,100
600266,城建发展,2018-03-31,1,持平,9579636,0.61132045,0,0
002642,荣联科技,2018-03-31,1,减持,18299000,2.76595292,-5191500,-22.100423575488
600058,五矿发展,2018-03-31,1,持平,2850572,0.26593372,0,0
002030,达安基因,2018-03-31,1,减持,18055166,2.49064093,-200000,-1.09558028669802
600062,华润双鹤,2018-03-31,1,增持,8185374,0.94153506,1072876,15.0843768251323
600708,光明地产,2018-03-31,1,减持,37274675,2.17429232,-800000,-2.10113415281943
000801,四川九洲,2018-03-31,1,持平,19140000,1.87132143,0,0
000156,华数传媒,2018-03-31,1,持平,8369876,0.58393727,0,0
600837,海通证券,2018-03-31,1,持平,187702412,1.63195364,0,0
002916,深南电路,2018-03-31,1,增持,264368,0.09441714,264368,100
002195,二三四五,2018-03-31,1,持平,32854400,0.96187384,0,0
000807,云铝股份,2018-03-31,1,减持,35155045,1.34856996,-21893993,-38.3774972682274
600864,哈投股份,2018-03-31,1,持平,16578217,0.78625131,0,0
601016,节能风电,2018-03-31,1,减持,79750000,1.91911559,-5749800,-6.72492801152751
600221,海航控股,2018-03-31,1,持平,460893854,2.74241672,0,0
300083,创世纪,2018-03-31,1,增持,17760100,1.24050283,17760100,100
002254,泰和新材,2018-03-31,1,减持,11670000,1.91050394,-14838768,-55.9768300058305
300090,盛运退,2018-03-31,1,持平,59326117,4.4945631,0,0
002431,棕榈股份,2018-03-31,1,减持,34133700,2.29549657,-12076227,-26.1334041925667
300096,易联众,2018-03-31,1,增持,36775000,8.55232558,2000,0.00543877301280831
002338,奥普光电,2018-03-31,1,增持,1040000,0.43333333,1040000,100
300355,蒙草生态,2018-03-31,1,持平,12848500,0.8009078,0,0
600331,宏达股份,2018-03-31,1,减持,41232144,2.02914094,-1260000,-2.96525400083366
002320,海峡股份,2018-03-31,1,减持,3554969,0.69977093,-11709693,-76.7111187918868
002330,得利斯,2018-03-31,1,减持,1011300,0.20145418,-2606770,-72.0486336638042
600216,浙江医药,2018-03-31,1,持平,7860312,0.81402722,0,0
002223,鱼跃医疗,2018-03-31,1,增持,10271836,1.02464563,600000,6.20357913430294
002526,山东矿机,2018-03-31,1,增持,7700000,1.24820938,7700000,100
603605,珀莱雅,2018-03-31,1,增持,1439100,0.71955,1439100,100
600337,美克家居,2018-03-31,1,持平,47534034,2.63185947,0,0
000815,美利云,2018-03-31,1,减持,4537744,0.65266579,-2641800,-36.7962087842905
603309,维力医疗,2018-03-31,1,持平,6872108,3.436054,0,0
603127,昭衍新药,2018-03-31,1,增持,264900,0.32383863,264900,100
002522,浙江众成,2018-03-31,1,减持,5762400,0.6361814,-16322280,-73.9077043452746
600525,长园集团,2018-03-31,1,减持,49540316,3.73980301,-190000,-0.382060713227722
600757,长江传媒,2018-03-31,1,增持,6008282,0.49505876,500000,9.07724041724806
603737,三棵树,2018-03-31,1,增持,1047629,1.0252659,90208,9.42197841910716
600291,西水股份,2018-03-31,1,持平,55515504,5.07888695,0,0
600360,华微电子,2018-03-31,1,增持,2700000,0.35923937,2700000,100
300113,顺网科技,2018-03-31,1,持平,27565625,3.97034879,0,0
002636,金安国纪,2018-03-31,1,持平,1664565,0.22864904,0,0
601717,郑煤机,2018-03-31,1,持平,16456303,0.94987446,0,0
002445,*ST中南,2018-03-31,1,减持,6083752,0.73317625,-5900210,-49.23421819929
002166,莱茵生物,2018-03-31,1,持平,9657516,2.20853593,0,0
002387,维信诺,2018-03-31,1,增持,2286101,0.16715382,2286101,100
600740,山西焦化,2018-03-31,1,减持,64000000,4.4687476,-2819400,-4.21943327835928
600769,祥龙电业,2018-03-31,1,增持,2686700,0.7164969,2686700,100
300237,美晨生态,2018-03-31,1,持平,19246122,2.38412188,0,0
002209,达意隆,2018-03-31,1,增持,1757100,0.8999506,1757100,100
601566,九牧王,2018-03-31,1,增持,2200070,0.38286247,2200070,100
600122,*ST宏图,2018-03-31,1,持平,13880400,1.19864214,0,0
601198,东兴证券,2018-03-31,1,减持,34000000,1.23279496,-19800000,-36.8029739776952
600201,生物股份,2018-03-31,1,增持,8141684,0.9054833,8141684,100
000998,隆平高科,2018-03-31,1,持平,25123800,1.99999256,0,0
002629,ST仁智,2018-03-31,1,增持,4329668,1.05102294,1591100,58.0997075844018
603308,应流股份,2018-03-31,1,增持,8670502,1.99894299,1002900,13.079708623374
000622,恒立实业,2018-03-31,1,减持,2277318,0.53555474,-1961400,-46.2734251252383
600821,*ST劝业,2018-03-31,1,减持,15478166,3.71831552,-3219951,-17.2207233487736
600681,百川能源,2018-03-31,1,持平,16109995,1.56178183,0,0
002663,普邦股份,2018-03-31,1,减持,15871219,0.88375207,-21035181,-56.996025079661
002243,通产丽星,2018-03-31,1,增持,1270799,0.34821281,1270799,100
002668,奥马电器,2018-03-31,1,增持,12709400,1.99296672,12709400,100
002190,成飞集成,2018-03-31,1,增持,1414200,0.39422479,1414200,100
600695,绿庭投资,2018-03-31,1,增持,5000000,0.70310425,5000000,100
000902,新洋丰,2018-03-31,1,减持,16837922,1.29072778,-192500,-1.13033018207065
000507,珠海港,2018-03-31,1,持平,1755200,0.2223064,0,0
002423,中粮资本,2018-03-31,1,持平,1264700,0.25143812,0,0
600825,新华传媒,2018-03-31,1,增持,10053337,0.96214508,4342836,76.0499998161282
300196,长海股份,2018-03-31,1,增持,5325143,1.25446224,5325143,100
300269,联建光电,2018-03-31,1,持平,9540335,1.55550189,0,0
600982,宁波能源,2018-03-31,1,减持,5748612,0.76963196,-4358741,-43.1244560272111
600581,八一钢铁,2018-03-31,1,增持,3494202,0.45589495,997723,39.9652069975353
000593,大通燃气,2018-03-31,1,减持,800000,0.2230705,-124600,-13.4760977720095
000818,航锦科技,2018-03-31,1,持平,8953115,1.29409728,0,0
000802,北京文化,2018-03-31,1,持平,9895600,1.36840165,0,0
002605,姚记科技,2018-03-31,1,持平,6945917,1.74885596,0,0
300215,电科院,2018-03-31,1,持平,14765267,1.94709602,0,0
600634,*ST富控,2018-03-31,1,减持,20023285,3.47788245,-11375500,-36.2291088651997
600246,万通发展,2018-03-31,1,减持,5938801,0.28913214,-5720030,-49.0617798645507
300044,赛为智能,2018-03-31,1,增持,1001406,0.23153159,1001406,100
600782,新钢股份,2018-03-31,1,减持,13521290,0.42403468,-700000,-4.92219763467309
600678,四川金顶,2018-03-31,1,减持,5179769,1.48421703,-5117601,-49.6981365144692
002716,*ST金贵,2018-03-31,1,减持,2905300,0.51422406,-299400,-9.34252816176241
002920,德赛西威,2018-03-31,1,增持,1547045,0.28128091,1547045,100
300081,恒信东方,2018-03-31,1,减持,2304639,0.43424118,-695361,-23.1787
600482,中国动力,2018-03-31,1,减持,18440000,1.06339368,-23500000,-56.0324272770625
002705,新宝股份,2018-03-31,1,增持,10918228,1.34223273,7418143,211.941795699247
002519,银河电子,2018-03-31,1,增持,41626985,3.64559593,32250706,343.960605267825
300057,万顺新材,2018-03-31,1,持平,6100000,1.38742066,0,0
300395,菲利华,2018-03-31,1,减持,11474215,3.83467013,-2817624,-19.7149156242244
300012,华测检测,2018-03-31,1,持平,28615862,1.72641519,0,0
300642,透景生命,2018-03-31,1,减持,138300,0.22836064,-125600,-47.59378552482
603198,迎驾贡酒,2018-03-31,1,增持,1036054,0.12950675,443354,74.8024295596423
002451,摩恩电气,2018-03-31,1,持平,5730438,1.30474454,0,0
002444,巨星科技,2018-03-31,1,持平,6520400,0.60640911,0,0
300628,亿联网络,2018-03-31,1,减持,416653,0.27899625,-193689,-31.7345029508046
002099,海翔药业,2018-03-31,1,增持,22290918,1.37461625,1459999,7.00880743667622
300515,三德科技,2018-03-31,1,持平,613700,0.30685,0,0
300653,正海生物,2018-03-31,1,增持,410000,0.5125,410000,100
002900,哈三联,2018-03-31,1,增持,110000,0.05211623,110000,100
600885,宏发股份,2018-03-31,1,增持,7433420,1.39733153,7433420,100
002283,天润工业,2018-03-31,1,持平,11480000,1.01815114,0,0
002219,*ST恒康,2018-03-31,1,持平,10929219,0.58594282,0,0
002505,鹏都农牧,2018-03-31,1,持平,78520000,1.43144343,0,0
300456,赛微电子,2018-03-31,1,增持,982600,0.52311412,982600,100
002126,银轮股份,2018-03-31,1,减持,10024539,1.25137542,-53240,-0.528291005389184
601216,君正集团,2018-03-31,1,持平,326086956,3.86449732,0,0
600283,钱江水利,2018-03-31,1,增持,4300000,1.21814495,4300000,100
600529,山东药玻,2018-03-31,1,减持,3853167,1.26934735,-409800,-9.61302304240216
600969,郴电国际,2018-03-31,1,增持,3797400,1.43665803,3797400,100
002458,益生股份,2018-03-31,1,持平,2790800,0.827201,0,0
600491,龙元建设,2018-03-31,1,持平,22486603,1.78168156,0,0
002345,潮宏基,2018-03-31,1,持平,14720000,1.62577793,0,0
002037,保利联合,2018-03-31,1,增持,10223970,3.12308014,10223970,100
600202,哈空调,2018-03-31,1,减持,8024188,2.09322636,-8833040,-52.3991251705203
000042,中洲控股,2018-03-31,1,增持,9067073,1.36381593,40300,0.446449689163558
600103,青山纸业,2018-03-31,1,持平,8145668,0.45924567,0,0
600708,光明地产,2018-03-31,1,减持,37274675,2.17429232,-800000,-2.10113415281943
002397,梦洁股份,2018-03-31,1,增持,4298106,0.56312124,736808,20.6893104705082
600084,ST中葡,2018-03-31,1,持平,4290000,0.38176538,0,0
002433,太安堂,2018-03-31,1,增持,4668173,0.60708013,4668173,100
002355,兴民智通,2018-03-31,1,增持,3832451,0.7460484,3832451,100
000881,中广核技,2018-03-31,1,增持,16369505,1.55073287,1260600,8.34342396090253
300049,福瑞股份,2018-03-31,1,持平,9214372,3.50285627,0,0
600539,ST狮头,2018-03-31,1,持平,10805633,4.6981013,0,0
600229,城市传媒,2018-03-31,1,持平,2668670,0.38010044,0,0
600561,江西长运,2018-03-31,1,减持,4167104,1.75779705,-1612896,-27.9047750865052
603878,武进不锈,2018-03-31,1,持平,942900,0.46678218,0,0
002566,益盛药业,2018-03-31,1,持平,4975494,1.50339022,0,0
002150,通润装备,2018-03-31,1,持平,2347571,0.8560158,0,0
603328,依顿电子,2018-03-31,1,持平,6000000,0.60133721,0,0
600965,福成股份,2018-03-31,1,持平,16257986,1.98582717,0,0
300241,瑞丰光电,2018-03-31,1,持平,4822237,1.74403029,0,0
600696,ST岩石,2018-03-31,1,持平,7307239,2.14561896,0,0
002267,陕天然气,2018-03-31,1,持平,18690000,1.68064137,0,0
600097,开创国际,2018-03-31,1,增持,2135300,0.88624989,2135300,100
300282,三盛教育,2018-03-31,1,增持,2458800,0.98534234,2458800,100
000718,苏宁环球,2018-03-31,1,持平,37848605,1.24722043,0,0
600521,华海药业,2018-03-31,1,持平,8501296,0.8154796,0,0
300338,开元教育,2018-03-31,1,持平,6743450,1.98558863,0,0
002812,恩捷股份,2018-03-31,1,增持,1918101,1.40571711,1918101,100
603636,南威软件,2018-03-31,1,减持,4008869,0.76032549,-1976586,-33.0231536282538
000790,华神科技,2018-03-31,1,持平,3839677,0.89083216,0,0
300030,阳普医疗,2018-03-31,1,增持,8054347,2.60830834,8054347,100
600075,新疆天业,2018-03-31,1,持平,43674176,4.49081462,0,0
002290,ST禾盛,2018-03-31,1,增持,1091850,0.44985354,1091850,100
603033,三维股份,2018-03-31,1,增持,1473520,1.16043471,27800,1.92291730072213
300287,飞利信,2018-03-31,1,持平,26534857,1.8487662,0,0
300292,吴通控股,2018-03-31,1,持平,9484404,0.74396207,0,0
000967,盈峰环境,2018-03-31,1,持平,9292071,0.79624334,0,0
002770,ST科迪,2018-03-31,1,持平,10198820,0.93151155,0,0
000571,*ST大洲,2018-03-31,1,持平,4087200,0.50207355,0,0
002341,新纶科技,2018-03-31,1,持平,3900000,0.77501435,0,0
600478,科力远,2018-03-31,1,持平,29660000,2.01811722,0,0
300511,雪榕生物,2018-03-31,1,持平,4036805,1.76626778,0,0
300735,光弘科技,2018-03-31,1,增持,110000,0.03101387,110000,100
000901,航天科技,2018-03-31,1,减持,4730966,1.15541456,-810700,-14.6291746922315
300567,精测电子,2018-03-31,1,增持,1282010,1.56678969,260194,25.4638799940498
603268,松发股份,2018-03-31,1,减持,714700,0.79958382,-635921,-47.0836008028899
300605,恒锋信息,2018-03-31,1,减持,300000,0.35714286,-71400,-19.2245557350565
600865,百大集团,2018-03-31,1,减持,4619916,1.22791626,-19798697,-81.0803504687183
601012,隆基股份,2018-03-31,1,持平,99590043,4.99451153,0,0
600505,西昌电力,2018-03-31,1,持平,1228300,0.33691977,0,0
002546,新联电子,2018-03-31,1,持平,14272121,1.71118476,0,0
300191,潜能恒信,2018-03-31,1,持平,1372115,0.42878594,0,0
600756,浪潮软件,2018-03-31,1,持平,2179700,0.67254193,0,0
002599,盛通股份,2018-03-31,1,减持,6195078,1.91202501,-7610149,-55.1251276056526
002654,万润科技,2018-03-31,1,持平,9870000,1.12000587,0,0
000018,神城A退,2018-03-31,1,减持,28708000,1.69045101,-396000,-1.36063771302914
603998,方盛制药,2018-03-31,1,增持,2300790,0.53390468,2300790,100
000838,财信发展,2018-03-31,1,持平,1960000,0.17810699,0,0
002237,恒邦股份,2018-03-31,1,持平,45511842,4.99910391,0,0
002121,*ST科陆,2018-03-31,1,减持,8305205,0.58978979,-815400,-8.94019640144486
600976,健民集团,2018-03-31,1,增持,2235597,1.45737771,2235597,100
000597,东北制药,2018-03-31,1,减持,3886600,0.81882619,-113400,-2.835
600459,贵研铂业,2018-03-31,1,增持,800000,0.30653955,800000,100
600491,龙元建设,2018-03-31,1,持平,22486603,1.78168156,0,0
600521,华海药业,2018-03-31,1,持平,8501296,0.8154796,0,0
600802,福建水泥,2018-03-31,1,增持,3000000,0.78560013,3000000,100
300087,荃银高科,2018-03-31,1,持平,14420584,3.41411637,0,0
600330,天通股份,2018-03-31,1,持平,8950101,1.07771328,0,0
600328,中盐化工,2018-03-31,1,持平,3994791,0.91198804,0,0
002151,北斗星通,2018-03-31,1,增持,963324,0.18769457,963324,100
600339,中油工程,2018-03-31,1,增持,97409983,1.74471449,97409983,100
002379,宏创控股,2018-03-31,1,持平,2618800,0.28268566,0,0
300044,赛为智能,2018-03-31,1,增持,1001406,0.23153159,1001406,100
002195,二三四五,2018-03-31,1,持平,32854400,0.96187384,0,0
002130,沃尔核材,2018-03-31,1,减持,19188422,1.52009287,-16941964,-46.8911790756955
600299,安迪苏,2018-03-31,1,持平,10635789,0.39657646,0,0
600614,*ST鹏起,2018-03-31,1,持平,91588168,5.22532743,0,0
000707,ST双环,2018-03-31,1,持平,9607525,2.06993702,0,0
002280,*ST联络,2018-03-31,1,持平,33000000,1.51574328,0,0
002580,圣阳股份,2018-03-31,1,持平,3026350,0.85393308,0,0
002054,德美化工,2018-03-31,1,减持,3621701,0.86389186,-15092880,-80.6477045892719
000056,皇庭国际,2018-03-31,1,持平,17900004,1.52295695,0,0
600781,*ST辅仁,2018-03-31,1,持平,5026639,0.80149546,0,0
300096,易联众,2018-03-31,1,增持,36775000,8.55232558,2000,0.00543877301280831
600277,亿利洁能,2018-03-31,1,持平,52751095,1.92596742,0,0
603456,九洲药业,2018-03-31,1,增持,5011300,1.11897788,5011300,100
600883,博闻科技,2018-03-31,1,增持,1395460,0.59107621,1395460,100
603636,南威软件,2018-03-31,1,减持,4008869,0.76032549,-1976586,-33.0231536282538
600371,万向德农,2018-03-31,1,减持,1160000,0.51541811,-1126720,-49.2723201791212
000586,汇源通信,2018-03-31,1,减持,3061420,1.58261993,-12189905,-79.9268588139063
300227,光韵达,2018-03-31,1,减持,1150000,0.77536025,-592500,-34.0028694404591
002114,罗平锌电,2018-03-31,1,持平,6085420,1.88172822,0,0
300008,天海防务,2018-03-31,1,增持,33681768,3.50845835,33681768,100
002640,跨境通,2018-03-31,1,增持,18589873,1.23244075,18589873,100
000007,全新好,2018-03-31,1,减持,13808127,3.98562706,-3737574,-21.3019360127019
002680,长生退,2018-03-31,1,增持,5210000,0.53507769,5210000,100
600605,汇通能源,2018-03-31,1,减持,1245000,0.84495806,-2155641,-63.3892551433686
600579,克劳斯,2018-03-31,1,增持,3380690,0.8232814,3380690,100
300206,理邦仪器,2018-03-31,1,增持,11345766,1.93944718,11345766,100
300217,东方电热,2018-03-31,1,持平,14831140,1.16460254,0,0
002669,康达新材,2018-03-31,1,增持,3275500,1.41921193,77300,2.41698455381152
002659,凯文教育,2018-03-31,1,持平,5101709,1.02327453,0,0
000955,欣龙控股,2018-03-31,1,减持,3760000,0.69837201,-11633505,-75.5741138876429
002087,新野纺织,2018-03-31,1,减持,7250007,0.8876172,-14572081,-66.7767493193135
002442,龙星化工,2018-03-31,1,减持,72629372,15.13111917,-8539450,-10.5206035884074
002286,保龄宝,2018-03-31,1,增持,11991869,3.24757594,11991869,100
000756,新华制药,2018-03-31,1,增持,2071840,0.43311909,149459,7.77468150174185
300245,天玑科技,2018-03-31,1,减持,8401360,2.65468885,-7910152,-48.4942904128078
000909,数源科技,2018-03-31,1,增持,4726536,1.51320593,4726536,100
300260,新莱应材,2018-03-31,1,增持,4835554,2.39454987,569644,13.3533993919234
300295,三六五网,2018-03-31,1,减持,5220698,2.70508093,-1354000,-20.5941018127373
600328,中盐化工,2018-03-31,1,持平,3994791,0.91198804,0,0
000628,高新发展,2018-03-31,1,增持,1712500,0.54979453,1712500,100
600455,博通股份,2018-03-31,1,持平,1417400,2.26936501,0,0
600581,八一钢铁,2018-03-31,1,增持,3494202,0.45589495,997723,39.9652069975353
603937,丽岛新材,2018-03-31,1,增持,390700,0.18704519,390700,100
002521,齐峰新材,2018-03-31,1,减持,5880682,1.18877109,-11826096,-66.7885258402178
000821,京山轻机,2018-03-31,1,减持,16044628,2.98096921,-197290,-1.21469644163947
300046,台基股份,2018-03-31,1,持平,7104000,5,0,0
300189,神农科技,2018-03-31,1,增持,10600791,1.0352335,10600791,100
600785,新华百货,2018-03-31,1,减持,2794202,1.23839301,-28809,-1.02050611917559
600378,昊华科技,2018-03-31,1,增持,2200057,0.74027815,300000,15.7890000142101
002099,海翔药业,2018-03-31,1,增持,22290918,1.37461625,1459999,7.00880743667622
002432,九安医疗,2018-03-31,1,增持,8656110,1.99999805,8656110,100
002516,旷达科技,2018-03-31,1,减持,19318650,1.28585875,-390000,-1.97882655585238
300495,美尚生态,2018-03-31,1,增持,10497796,1.74731172,2134600,25.5237351844917
002130,沃尔核材,2018-03-31,1,减持,19188422,1.52009287,-16941964,-46.8911790756955
600303,曙光股份,2018-03-31,1,增持,3059001,0.45278004,358961,13.2946548940016
300153,科泰电源,2018-03-31,1,增持,1902400,0.5945,1902400,100
600063,皖维高新,2018-03-31,1,持平,5074400,0.26348273,0,0
000597,东北制药,2018-03-31,1,减持,3886600,0.81882619,-113400,-2.835
600624,复旦复华,2018-03-31,1,减持,2643008,0.38600287,-2414824,-47.7442508964315
600122,*ST宏图,2018-03-31,1,持平,13880400,1.19864214,0,0
603878,武进不锈,2018-03-31,1,持平,942900,0.46678218,0,0
300175,朗源股份,2018-03-31,1,增持,1850000,0.39294817,1850000,100
300160,秀强股份,2018-03-31,1,增持,18225235,3.04892181,18225235,100
600865,百大集团,2018-03-31,1,减持,4619916,1.22791626,-19798697,-81.0803504687183
600505,西昌电力,2018-03-31,1,持平,1228300,0.33691977,0,0
002546,新联电子,2018-03-31,1,持平,14272121,1.71118476,0,0
300191,潜能恒信,2018-03-31,1,持平,1372115,0.42878594,0,0
002599,盛通股份,2018-03-31,1,减持,6195078,1.91202501,-7610149,-55.1251276056526
002654,万润科技,2018-03-31,1,持平,9870000,1.12000587,0,0
000018,神城A退,2018-03-31,1,减持,28708000,1.69045101,-396000,-1.36063771302914
603998,方盛制药,2018-03-31,1,增持,2300790,0.53390468,2300790,100
601016,节能风电,2018-03-31,1,减持,79750000,1.91911559,-5749800,-6.72492801152751
600976,健民集团,2018-03-31,1,增持,2235597,1.45737771,2235597,100
002680,长生退,2018-03-31,1,增持,5210000,0.53507769,5210000,100
600756,浪潮软件,2018-03-31,1,持平,2179700,0.67254193,0,0
002599,盛通股份,2018-03-31,1,减持,6195078,1.91202501,-7610149,-55.1251276056526
002654,万润科技,2018-03-31,1,持平,9870000,1.12000587,0,0
603998,方盛制药,2018-03-31,1,增持,2300790,0.53390468,2300790,100
000838,财信发展,2018-03-31,1,持平,1960000,0.17810699,0,0
002799,环球印务,2018-03-31,1,增持,509950,0.33996667,509950,100
600644,乐山电力,2018-03-31,1,增持,1317633,0.24473094,1317633,100
600459,贵研铂业,2018-03-31,1,增持,800000,0.30653955,800000,100
603003,龙宇燃油,2018-03-31,1,持平,40866302,9.26432775,0,0
600802,福建水泥,2018-03-31,1,增持,3000000,0.78560013,3000000,100
300087,荃银高科,2018-03-31,1,持平,14420584,3.41411637,0,0
600330,天通股份,2018-03-31,1,持平,8950101,1.07771328,0,0
002379,宏创控股,2018-03-31,1,持平,2618800,0.28268566,0,0
600299,安迪苏,2018-03-31,1,持平,10635789,0.39657646,0,0
000707,ST双环,2018-03-31,1,持平,9607525,2.06993702,0,0
002280,*ST联络,2018-03-31,1,持平,33000000,1.51574328,0,0
002580,圣阳股份,2018-03-31,1,持平,3026350,0.85393308,0,0
002054,德美化工,2018-03-31,1,减持,3621701,0.86389186,-15092880,-80.6477045892719
000056,皇庭国际,2018-03-31,1,持平,17900004,1.52295695,0,0
603456,九洲药业,2018-03-31,1,增持,5011300,1.11897788,5011300,100
600883,博闻科技,2018-03-31,1,增持,1395460,0.59107621,1395460,100
600371,万向德农,2018-03-31,1,减持,1160000,0.51541811,-1126720,-49.2723201791212
000586,汇源通信,2018-03-31,1,减持,3061420,1.58261993,-12189905,-79.9268588139063
300227,光韵达,2018-03-31,1,减持,1150000,0.77536025,-592500,-34.0028694404591
002114,罗平锌电,2018-03-31,1,持平,6085420,1.88172822,0,0
300008,天海防务,2018-03-31,1,增持,33681768,3.50845835,33681768,100
600605,汇通能源,2018-03-31,1,减持,1245000,0.84495806,-2155641,-63.3892551433686
002028,思源电气,2018-03-31,1,减持,10470000,1.37725232,-9349445,-47.1730918802217
300016,北陆药业,2018-03-31,1,增持,6463930,1.98284166,3310687,104.993081725703
002090,金智科技,2018-03-31,1,增持,4723744,1.9864114,4723744,100
603118,共进股份,2018-03-31,1,持平,10266665,1.31318008,0,0
000688,国城矿业,2018-03-31,1,减持,2567500,0.22575411,-825650,-24.332847059517
000048,京基智农,2018-03-31,1,持平,11864427,3.03617661,0,0
002473,ST圣莱,2018-03-31,1,持平,7952000,4.97,0,0
600285,羚锐制药,2018-03-31,1,持平,12685836,2.14171699,0,0
000408,*ST藏格,2018-03-31,1,减持,16320899,0.81859096,-5621967,-25.6209330175921
002119,康强电子,2018-03-31,1,持平,10310039,5.00001891,0,0
300165,天瑞仪器,2018-03-31,1,增持,7582846,1.64216173,426400,5.95826475879228
002586,*ST围海,2018-03-31,1,持平,20306804,1.94887321,0,0
300210,森远股份,2018-03-31,1,持平,3855430,0.79621461,0,0
603027,千禾味业,2018-03-31,1,持平,1179951,0.36196459,0,0
300358,楚天科技,2018-03-31,1,持平,1343205,0.27974437,0,0
300410,正业科技,2018-03-31,1,持平,7641791,3.87696073,0,0
002733,雄韬股份,2018-03-31,1,持平,2340000,0.66835525,0,0
002692,ST远程,2018-03-31,1,减持,5875580,0.81815954,-4031920,-40.6956346202372
002721,金一文化,2018-03-31,1,减持,6073210,0.72757613,-6327218,-51.0241904553617
300366,创意信息,2018-03-31,1,增持,6283906,1.19562237,6283906,100
002417,深南股份,2018-03-31,1,持平,8456313,3.13196778,0,0
300370,安控科技,2018-03-31,1,持平,13504182,1.40896871,0,0
002715,登云股份,2018-03-31,1,减持,1774400,1.92869565,-4580000,-72.0760417978094
603861,白云电器,2018-03-31,1,持平,8100000,1.82951352,0,0
300474,景嘉微,2018-03-31,1,增持,1373877,0.50809812,524277,61.708686440678
603027,千禾味业,2018-03-31,1,持平,1179951,0.36196459,0,0
603377,东方时尚,2018-03-31,1,持平,5000000,1.19047619,0,0
002799,环球印务,2018-03-31,1,增持,509950,0.33996667,509950,100
300515,三德科技,2018-03-31,1,持平,613700,0.30685,0,0
603528,多伦科技,2018-03-31,1,增持,4906175,0.7912675,434322,9.71234966802352
300511,雪榕生物,2018-03-31,1,持平,4036805,1.76626778,0,0
603101,汇嘉时代,2018-03-31,1,增持,1328593,0.55358042,930070,233.379252891301
603737,三棵树,2018-03-31,1,增持,1047629,1.0252659,90208,9.42197841910716
601128,常熟银行,2018-03-31,1,增持,2567584,0.11551499,2567584,100
603986,兆易创新,2018-03-31,1,持平,14450000,7.12947452,0,0
603067,振华股份,2018-03-31,1,增持,1930600,0.87754545,1930600,100
300548,博创科技,2018-03-31,1,持平,517290,0.6257288,0,0
601500,通用股份,2018-03-31,1,持平,4654200,0.64026383,0,0
002812,恩捷股份,2018-03-31,1,增持,1918101,1.40571711,1918101,100
603069,海汽集团,2018-03-31,1,减持,1075900,0.34047468,-3198743,-74.8306466762254
002819,东方中科,2018-03-31,1,增持,3536141,3.11994089,59800,1.72019948560858
300568,星源材质,2018-03-31,1,增持,2163698,1.12692604,2163698,100
002831,裕同科技,2018-03-31,1,增持,4000000,0.999975,4000000,100
300567,精测电子,2018-03-31,1,增持,1282010,1.56678969,260194,25.4638799940498
603878,武进不锈,2018-03-31,1,持平,942900,0.46678218,0,0
603239,浙江仙通,2018-03-31,1,增持,612300,0.22617465,612300,100
603928,兴业股份,2018-03-31,1,增持,331966,0.16466567,331966,100
603585,苏利股份,2018-03-31,1,增持,3160398,2.106932,293450,10.2356233876582
603033,三维股份,2018-03-31,1,增持,1473520,1.16043471,27800,1.92291730072213
603266,天龙股份,2018-03-31,1,增持,254716,0.254716,54716,27.358
300571,平治信息,2018-03-31,1,增持,810654,1.0133175,810654,100
603859,能科股份,2018-03-31,1,增持,4699600,4.13842902,4699600,100
300563,神宇股份,2018-03-31,1,增持,1503942,1.8799275,566400,60.4132934844519
300619,金银河,2018-03-31,1,增持,410000,0.54900911,410000,100
002857,三晖电气,2018-03-31,1,减持,503900,0.629875,-1308704,-72.200215822099
300600,国瑞科技,2018-03-31,1,减持,2517283,2.517283,-846715,-25.1699020035089
002856,美芝股份,2018-03-31,1,减持,789900,0.7794553,-800800,-50.3426164581631
603388,元成股份,2018-03-31,1,增持,4945454,2.40252521,4334954,710.066175266175
603138,海量数据,2018-03-31,1,增持,140000,0.1304279,140000,100
603538,美诺华,2018-03-31,1,持平,1389077,1.15756417,0,0
300590,移为通信,2018-03-31,1,增持,798583,0.49911438,281347,54.3943190342513
300626,华瑞股份,2018-03-31,1,减持,4589955,4.589955,-1917851,-29.4700087863713
300628,亿联网络,2018-03-31,1,减持,416653,0.27899625,-193689,-31.7345029508046
603639,海利尔,2018-03-31,1,减持,897304,0.74775333,-792378,-46.8950962370434
002843,泰嘉股份,2018-03-31,1,增持,1600000,1.12918593,1600000,100
300605,恒锋信息,2018-03-31,1,减持,300000,0.35714286,-71400,-19.2245557350565
002824,和胜股份,2018-03-31,1,增持,218500,0.12138889,218500,100
603037,凯众股份,2018-03-31,1,增持,467600,0.441454,467600,100
300584,海辰药业,2018-03-31,1,增持,2565420,3.206775,2565420,100
300638,广和通,2018-03-31,1,增持,176800,0.221,176800,100
002858,力盛赛车,2018-03-31,1,减持,938800,1.48638379,-207100,-18.0731302906013
603337,杰克股份,2018-03-31,1,持平,7941025,3.84236948,0,0
603665,康隆达,2018-03-31,1,增持,2992100,2.9921,2802900,1481.44820295983
603337,杰克股份,2018-03-31,1,持平,7941025,3.84236948,0,0
300604,长川科技,2018-03-31,1,增持,179100,0.22953887,179100,100
300493,润欣科技,2018-03-31,1,持平,6000000,2,0,0
603528,多伦科技,2018-03-31,1,增持,4906175,0.7912675,434322,9.71234966802352
603200,上海洗霸,2018-03-31,1,增持,703000,0.95360825,703000,100
002891,中宠股份,2018-03-31,1,持平,227700,0.2277,0,0
603365,水星家纺,2018-03-31,1,增持,2146393,0.80488731,2146393,100
603377,东方时尚,2018-03-31,1,持平,5000000,1.19047619,0,0
603069,海汽集团,2018-03-31,1,减持,1075900,0.34047468,-3198743,-74.8306466762254
603728,鸣志电器,2018-03-31,1,增持,1130650,0.35332813,280690,33.0239070073886
300655,晶瑞股份,2018-03-31,1,增持,208100,0.23580754,208100,100
603538,美诺华,2018-03-31,1,持平,1389077,1.15756417,0,0
002905,金逸影视,2018-03-31,1,减持,1165112,0.69351905,-1792297,-60.6036229686188
300657,弘信电子,2018-03-31,1,增持,2276790,2.18922115,2276790,100
603138,海量数据,2018-03-31,1,增持,140000,0.1304279,140000,100
300619,金银河,2018-03-31,1,增持,410000,0.54900911,410000,100
002780,三夫户外,2018-03-31,1,增持,5100467,4.53982317,1886704,58.7070048413651
603778,乾景园林,2018-03-31,1,持平,1562185,0.312437,0,0
603896,寿仙谷,2018-03-31,1,减持,923692,0.66072389,-375000,-28.8752067464803
300719,安达维尔,2018-03-31,1,减持,200000,0.11904762,-200000,-50
603937,丽岛新材,2018-03-31,1,增持,390700,0.18704519,390700,100
002875,安奈儿,2018-03-31,1,减持,1165900,1.1471995,-1786290,-60.5072844227506
603101,汇嘉时代,2018-03-31,1,增持,1328593,0.55358042,930070,233.379252891301
300667,必创科技,2018-03-31,1,持平,445700,0.65544118,0,0
002819,东方中科,2018-03-31,1,增持,3536141,3.11994089,59800,1.72019948560858
002858,力盛赛车,2018-03-31,1,减持,938800,1.48638379,-207100,-18.0731302906013
603928,兴业股份,2018-03-31,1,增持,331966,0.16466567,331966,100
603585,苏利股份,2018-03-31,1,增持,3160398,2.106932,293450,10.2356233876582
300590,移为通信,2018-03-31,1,增持,798583,0.49911438,281347,54.3943190342513
300726,宏达电子,2018-03-31,1,增持,241900,0.06045989,241900,100
300600,国瑞科技,2018-03-31,1,减持,2517283,2.517283,-846715,-25.1699020035089
002896,中大力德,2018-03-31,1,增持,79000,0.09875,79000,100
603037,凯众股份,2018-03-31,1,增持,467600,0.441454,467600,100
002857,三晖电气,2018-03-31,1,减持,503900,0.629875,-1308704,-72.200215822099
300563,神宇股份,2018-03-31,1,增持,1503942,1.8799275,566400,60.4132934844519
002856,美芝股份,2018-03-31,1,减持,789900,0.7794553,-800800,-50.3426164581631
603388,元成股份,2018-03-31,1,增持,4945454,2.40252521,4334954,710.066175266175
002843,泰嘉股份,2018-03-31,1,增持,1600000,1.12918593,1600000,100
603685,晨丰科技,2018-03-31,1,减持,130000,0.13,-73083,-35.9867640324399
300626,华瑞股份,2018-03-31,1,减持,4589955,4.589955,-1917851,-29.4700087863713
603665,康隆达,2018-03-31,1,增持,2992100,2.9921,2802900,1481.44820295983
300656,民德电子,2018-03-31,1,持平,599330,0.99888333,0,0
603076,乐惠国际,2018-03-31,1,减持,100900,0.13543624,-1250500,-92.5336687879236
603855,华荣股份,2018-03-31,1,持平,316700,0.09565953,0,0
603797,联泰环保,2018-03-31,1,增持,781000,0.36608231,467000,148.726114649682
603578,三星新材,2018-03-31,1,增持,76200,0.08659091,76200,100
002824,和胜股份,2018-03-31,1,增持,218500,0.12138889,218500,100
300554,三超新材,2018-03-31,1,增持,275000,0.52884615,275000,100
603157,*ST拉夏,2018-03-31,1,增持,540500,0.09869052,540500,100
002871,伟隆股份,2018-03-31,1,减持,516200,0.75911765,-124200,-19.3941286695815
300691,联合光电,2018-03-31,1,减持,244200,0.27894704,-1355083,-84.730657425859
300707,威唐工业,2018-03-31,1,增持,111500,0.14185751,111500,100
002888,惠威科技,2018-03-31,1,持平,1160000,1.39561296,0,0
603809,豪能股份,2018-03-31,1,减持,135800,0.12730852,-193070,-58.7070879070757
300739,明阳电路,2018-03-31,1,新进,148000,0.12012987,148000,0.12012987
300720,海川智能,2018-03-31,1,新进,119800,0.16638889,119800,0.16638889
