股票代码,股票简称,时间,持有券商家数,持股变化,持股总数,占本股比例,持股变动数值,持股变动比例%
600066,宇通客车,2016-03-31,57,增持,61475030,2.77672616,350847,0.573990494073352
600276,恒瑞医药,2016-03-31,55,减持,17300039,0.88424801,-2393029,-12.1516312237382
000858,五粮液,2016-03-31,49,减持,7408634,0.19517124,-2397178,-24.4465017277508
000651,格力电器,2016-03-31,47,增持,46423133,0.77169566,1322622,2.93260978794675
000002,万科A,2016-03-31,45,减持,496039867,4.4934599,-3406787,-0.682112288212466
002415,海康威视,2016-03-31,42,增持,30474041,0.74897387,26614035,689.481700287512
601166,兴业银行,2016-03-31,37,减持,21457466,0.11262378,-4993429,-18.8781097955287
600887,伊利股份,2016-03-31,34,减持,31657282,0.52198392,-12609879,-28.4858543334189
002019,亿帆鑫富,2016-03-31,34,增持,1863586,0.4232352,1650386,774.10225140713
300088,长信科技,2016-03-31,31,增持,75737502,6.56296099,9420255,14.2048342266077
600519,贵州茅台,2016-03-31,29,增持,363306,0.02892106,289252,390.596051529965
300059,东方财富,2016-03-31,28,减持,2719952,0.14671577,-1302557,-32.3817050502559
601318,中国平安,2016-03-31,27,减持,14584749,0.07978424,-3296186,-18.4340807681478
600009,上海机场,2016-03-31,26,增持,982224,0.05097281,691200,237.506185056903
000568,泸州老窖,2016-03-31,26,增持,35410727,2.5252747,9525909,36.8011434347346
000333,美的集团,2016-03-31,25,增持,3801031,0.08907152,871682,29.7568504128392
600114,东睦股份,2016-03-31,25,增持,1320800,0.33800319,970800,277.371428571429
601222,林洋电子,2016-03-31,25,增持,1192663,0.29332474,385858,47.8254348944293
600036,招商银行,2016-03-31,24,减持,14810778,0.05872669,-230754716,-93.9687055543724
002572,索菲亚,2016-03-31,23,减持,6708109,6.64457389,-16878885,-71.5601360648161
600054,黄山旅游,2016-03-31,23,增持,996707,0.20006163,510126,104.838865471525
600363,联创光电,2016-03-31,23,增持,4647700,1.04801428,2506900,117.101083707025
600030,中信证券,2016-03-31,22,增持,3948080,0.03258321,2468269,166.796232762157
002172,澳洋科技,2016-03-31,22,增持,8085614,1.16359616,6580199,437.101995130911
600261,阳光照明,2016-03-31,22,增持,2226400,0.1533225,1824083,453.394462575531
002376,新北洋,2016-03-31,22,增持,14783559,2.46392651,239972,1.6500193521722
601199,江南水务,2016-03-31,22,增持,983000,0.21022241,962274,4642.83508636495
600016,民生银行,2016-03-31,21,减持,38098977,0.10442267,-805091,-2.0694262615416
002191,劲嘉股份,2016-03-31,21,减持,3256685,0.24756327,-34705,-1.05441773840232
601688,华泰证券,2016-03-31,20,增持,4337410,0.06055493,3158193,267.821189823417
002400,省广股份,2016-03-31,20,减持,13111489,1.44923342,-13710202,-51.1160985338322
002217,合力泰,2016-03-31,20,增持,36542161,2.56891555,18181085,99.0197143130392
000963,华东医药,2016-03-31,19,增持,1449437,0.29820236,271759,23.0758322733379
002065,东华软件,2016-03-31,19,增持,7840302,0.50111809,162632,2.11824681185829
600660,福耀玻璃,2016-03-31,19,减持,5314805,0.2118619,-25199460,-82.5825560602558
002368,太极股份,2016-03-31,19,增持,1323082,0.3183568,1243082,1553.8525
600271,航天信息,2016-03-31,19,增持,3117200,0.33757823,1459269,88.0174747923768
000001,平安银行,2016-03-31,18,减持,3827915,0.02675238,-2134967,-35.8042805475607
600703,三安光电,2016-03-31,18,增持,81349174,3.19139574,6959993,9.35618984701552
000625,长安汽车,2016-03-31,18,增持,5273047,0.11308549,1521671,40.5630094130794
600584,长电科技,2016-03-31,18,增持,2152300,0.20776804,1021000,90.2501546892955
600048,保利地产,2016-03-31,18,减持,20859837,0.19392384,-4445537,-17.5675609457501
300258,精锻科技,2016-03-31,18,增持,5701938,2.11182888,86003,1.53141017479725
002508,老板电器,2016-03-31,18,增持,6704464,1.37749278,108856,1.65043162055719
600958,东方证券,2016-03-31,17,减持,1065555,0.02017432,-10897745,-91.0931348373776
600000,浦发银行,2016-03-31,17,增持,4140896,0.02107008,1324185,47.0117452589208
600741,华域汽车,2016-03-31,17,增持,61790102,1.637675,43958989,246.529697837707
002470,金正大,2016-03-31,17,增持,35175650,2.24109592,5812350,19.794607554328
601818,光大银行,2016-03-31,17,增持,6684421,0.01431995,6353021,1917.02504526252
002714,牧原股份,2016-03-31,17,减持,4895168,0.94707345,-1620955,-24.8760651080405
002271,东方雨虹,2016-03-31,17,增持,2519800,0.30333693,2410800,2211.74311926606
002006,精功科技,2016-03-31,17,增持,7642429,1.67906429,312300,4.26049800760669
601777,力帆股份,2016-03-31,17,减持,27393292,2.18038115,-22606707,-45.2134149042683
002032,苏泊尔,2016-03-31,17,减持,391800,0.06190793,-2520992,-86.5489880499535
603806,福斯特,2016-03-31,16,减持,2025639,0.50389033,-3673911,-64.4596678685159
002230,科大讯飞,2016-03-31,16,减持,8054373,0.62344879,-4382176,-35.2362701260615
000729,燕京啤酒,2016-03-31,16,增持,1194100,0.04236593,1194061,3061694.87179487
600612,老凤祥,2016-03-31,16,增持,12977570,2.48081236,407171,3.23912550428988
600978,宣华木业,2016-03-31,16,减持,18196792,1.22713332,-2572600,-12.3864964366795
600979,广安爱众,2016-03-31,16,减持,13902536,1.93657725,-1839619,-11.6859413466581
002456,欧菲光,2016-03-31,15,减持,9112000,0.88413487,-4996552,-35.4150588947753
000960,锡业股份,2016-03-31,15,增持,5292500,0.35953139,5047500,2060.20408163265
000917,电广传媒,2016-03-31,15,增持,2250400,0.15875206,1896600,536.065573770492
600649,城投控股,2016-03-31,15,增持,63326941,2.11971353,7513714,13.462246144628
000750,国海证券,2016-03-31,15,增持,50519300,1.79760871,519300,1.0386
002310,东方园林,2016-03-31,15,增持,12185159,1.20799196,5431150,80.4137216873712
600037,歌华有线,2016-03-31,15,减持,34938509,0.07803732,-196400,-0.558988213118753
600352,浙江龙盛,2016-03-31,15,增持,17114124,0.52604913,3591793,26.5619366956777
600093,禾嘉股份,2016-03-31,15,增持,256700,0.02286966,256700,100
002004,华邦健康,2016-03-31,15,增持,1917800,0.09424643,1697800,771.727272727273
600240,华业地产,2016-03-31,15,减持,430300,0.03021231,-3008824,-87.4880928980752
002466,天齐锂业,2016-03-31,14,增持,354300,0.13550365,102200,40.5394684648949
600873,梅花生物,2016-03-31,14,增持,4754816,0.15297523,1346500,39.5063133817404
601009,南京银行,2016-03-31,14,减持,29857530,0.8870447,-37977478,-55.9850718968
300498,温氏股份,2016-03-31,14,增持,1295205,0.03572736,345391,36.3640670699737
600893,中航动力,2016-03-31,14,增持,24782951,1.27175618,295239,1.20566184378516
002081,金螳螂,2016-03-31,14,增持,3614678,0.20512237,3393322,1532.97041869206
002299,圣农发展,2016-03-31,14,增持,16421267,1.47819488,1735505,11.8176026548708
300144,宋城演艺,2016-03-31,14,减持,1081363,0.07443915,-583661,-35.054209428813
600079,人福医药,2016-03-31,14,增持,5971418,0.46432274,3253913,119.73898852072
300017,网宿科技,2016-03-31,14,减持,802775,0.10169631,-148064,-15.5719317360773
600089,特变电工,2016-03-31,14,减持,482300,0.01486111,-238688,-33.1056827575494
300167,迪威视讯,2016-03-31,14,增持,5796058,1.93047496,5465958,1655.84913662526
000421,南京中北,2016-03-31,14,增持,4960575,0.86625366,898075,22.1064615384615
002008,大族激光,2016-03-31,13,增持,11885053,1.11761141,9247553,350.618123222749
002311,海大集团,2016-03-31,13,减持,55771921,3.62776466,-698031,-1.23611048934485
000786,北新建材,2016-03-31,13,减持,2827786,0.19998748,-47321355,-94.3612473840778
600028,中国石化,2016-03-31,13,增持,203501705,0.16808431,19000400,10.298246941939
300070,碧水源,2016-03-31,13,增持,68112449,0.04862639,164449,0.242021840230765
002367,康力电梯,2016-03-31,13,减持,4187600,0.56696444,-1095991,-20.743297503535
600004,白云机场,2016-03-31,13,增持,29884830,2.59868087,11438808,62.0123298128995
300099,尤洛卡,2016-03-31,13,增持,1490416,0.69451061,815662,120.88286990518
000828,东莞控股,2016-03-31,13,增持,16462510,1.58366916,13546319,464.5209795929
600622,嘉宝集团,2016-03-31,13,减持,758846,0.11116897,-111654,-12.8264215967835
002292,奥飞动漫,2016-03-31,12,增持,3354479,0.2563593,2065835,160.310760768684
002450,康得新,2016-03-31,12,减持,23593698,1.46461548,-281125,-1.17749564049124
601288,农业银行,2016-03-31,12,减持,2179735,0.00067111,-698998,-24.2814460389345
000063,中兴通讯,2016-03-31,12,减持,446189,0.01074256,-1555714,-77.7117572629643
002791,坚朗五金,2016-03-31,12,新进,196017,0.09144289,196017,0.09144289
000661,长春高新,2016-03-31,12,增持,174989,0.13324721,46189,35.8610248447205
002462,嘉事堂,2016-03-31,12,增持,5026594,2.00641359,664987,15.2463759343746
300043,互动娱乐,2016-03-31,12,减持,9792490,0.78705214,-59700,-0.605956645172292
000636,风华高科,2016-03-31,12,减持,5228399,0.58402655,-20162553,-79.408416825017
300058,蓝色光标,2016-03-31,12,增持,21291016,1.10249339,19751628,1283.08314732868
002791,坚朗五金,2016-03-31,12,新进,196017,0.09144289,196017,0.09144289
002292,奥飞动漫,2016-03-31,12,增持,3354479,0.2563593,2065835,160.310760768684
600790,轻纺城,2016-03-31,12,减持,314500,0.03003839,-13857456,-97.7808285602919
300506,名家汇,2016-03-31,12,新进,113462,0.09455167,113462,0.09455167
600104,上汽集团,2016-03-31,11,减持,523138,0.00474477,-299749,-36.4265081353819
601398,工商银行,2016-03-31,11,增持,3065245,0.00086003,507579,19.8453981090572
002372,伟星新材,2016-03-31,11,减持,5138369,0.8879315,-1363220,-20.9674896398404
002523,天桥起重,2016-03-31,11,增持,3819797,0.67948687,3806897,29510.8294573643
002349,精华制药,2016-03-31,11,增持,2042049,0.48586108,1419249,227.881984585742
601336,新华保险,2016-03-31,11,增持,1088000,0.03487688,364942,50.47202299124
300113,顺网科技,2016-03-31,11,增持,86400,0.02869418,64800,300
002405,四维图新,2016-03-31,11,减持,289900,0.04074855,-7365661,-96.2132102402423
601198,东兴证券,2016-03-31,11,增持,467300,0.01866214,467300,100
000860,顺鑫农业,2016-03-31,11,减持,2211572,0.3875939,-11922322,-84.3527056308757
603861,白云电器,2016-03-31,11,新进,274120,0.06700561,274120,0.06700561
000895,双汇发展,2016-03-31,10,增持,22351175,0.67713029,1803216,8.77564530861678
000538,云南白药,2016-03-31,10,减持,948335,0.0910635,-6729262,-87.6480232030934
601607,上海医药,2016-03-31,10,增持,359374,0.01336503,3175,0.891355674777301
000776,广发证券,2016-03-31,10,增持,4503600,0.05909393,4468197,12620.9558511991
601998,中信银行,2016-03-31,10,增持,2456255,0.00501944,1856255,309.375833333333
002480,新筑股份,2016-03-31,10,减持,28480048,4.41299168,-2172383,-7.08714750878976
002385,大北农,2016-03-31,10,增持,35128892,0.1062806,2738552,8.45484178307483
600309,万华化学,2016-03-31,10,减持,3309893,0.15307034,-17021854,-83.7205676423182
002568,百润股份,2016-03-31,10,减持,3436148,0.38349866,-2453439,-41.6572333509973
000668,荣丰控股,2016-03-31,10,增持,717132,0.48837018,717132,100
600489,中金黄金,2016-03-31,10,增持,3411018,0.11589374,1030504,43.2891383961615
600015,华夏银行,2016-03-31,10,减持,1201700,0.011246,-2219920,-64.8792092634483
601939,建设银行,2016-03-31,10,增持,15965620,0.006386,2270492,16.5788300773823
600511,国药股份,2016-03-31,10,减持,44900,0.00937759,-2082843,-97.8897827416187
600557,康缘药业,2016-03-31,10,增持,5325612,1.03670103,976743,22.4597015913793
300014,亿纬锂能,2016-03-31,10,减持,11200809,2.62179962,-4900,-0.0437277105803836
000713,丰乐种业,2016-03-31,10,增持,4537198,1.51808726,1866270,69.8734671994153
002005,德豪润达,2016-03-31,10,减持,8300076,0.594391,-826424,-9.05521284172465
000610,西安旅游,2016-03-31,10,增持,8102800,3.42254355,4780200,143.869259014025
600521,华海药业,2016-03-31,10,减持,8324856,1.04961034,-6548944,-44.0300662910621
600433,冠豪高新,2016-03-31,10,增持,1093400,0.08600542,1091600,60644.4444444444
600687,刚泰控股,2016-03-31,10,增持,32148720,2.15949415,9938642,44.7483435222515
600290,华仪电气,2016-03-31,10,减持,2125193,0.27966618,-58288,-2.66949884152873
002487,大金重工,2016-03-31,10,增持,7174853,1.32867647,1792230,33.296591643145
000671,阳光城,2016-03-31,10,增持,86336027,2.1327417,462650,0.538758362792697
002289,宇顺电子,2016-03-31,10,增持,791000,0.42336635,791000,100
002563,森马服饰,2016-03-31,9,增持,2274114,0.0843971,827448,57.1968927174621
600900,长江电力,2016-03-31,9,减持,705538,0.00427599,-743768,-51.3189071183035
000418,小天鹅A,2016-03-31,9,增持,1354809,0.2142032,725806,115.389910699949
000783,长江证券,2016-03-31,9,增持,2349779,0.04954761,159864,7.30000936109392
600498,烽火通信,2016-03-31,9,增持,1782156,0.17026532,370200,26.2189473326364
600094,大名城,2016-03-31,9,增持,2135500,0.10616155,2135500,100
300296,利亚德,2016-03-31,9,减持,815478,0.10792764,-988386,-54.7927116456673
002241,歌尔声学,2016-03-31,9,减持,30941103,2.02682309,-12623082,-28.9758249810022
601098,中南传媒,2016-03-31,9,增持,10025594,0.55821793,8793075,713.423079076266
600655,豫园商城,2016-03-31,9,减持,402273,0.02798767,-497927,-55.3129304598978
300159,新研股份,2016-03-31,9,减持,1081100,0.07253951,-92458,-7.87843464063983
600718,东软集团,2016-03-31,9,增持,10759112,0.86587103,441685,4.28096074728709
300336,新文化,2016-03-31,9,减持,8536500,1.58804404,-337143,-3.79937529603118
603028,N赛福天,2016-03-31,9,新进,211553,0.09581204,211553,0.09581204
600570,恒生电子,2016-03-31,9,增持,547500,0.08862016,502500,1116.66666666667
300335,迪森股份,2016-03-31,9,增持,2609255,0.71989944,93800,3.72894764565456
300197,铁汉生态,2016-03-31,9,增持,15031449,1.63207525,14386449,2230.45720930233
000793,华闻传媒,2016-03-31,9,减持,5717600,0.27874025,-8570946,-59.9847318264574
600201,金宇集团,2016-03-31,9,增持,386313,0.06743938,284613,279.855457227139
002505,鹏都农牧,2016-03-31,9,减持,16829762,0.58294217,-713800,-4.06872903005672
002267,陕天然气,2016-03-31,9,减持,4049593,0.36414732,-20107342,-83.2363128848921
600781,辅仁药业,2016-03-31,9,减持,1406814,0.79215684,-117686,-7.71964578550344
300100,双林股份,2016-03-31,9,增持,231000,0.05836647,43700,23.3315536572344
300263,隆华节能,2016-03-31,9,增持,854000,0.1926462,854000,100
002152,广电运通,2016-03-31,8,增持,1099232,0.10182742,294686,36.6276135857987
600109,国金证券,2016-03-31,8,减持,19078150,0.63081624,-17362279,-47.6456492869499
601328,交通银行,2016-03-31,8,增持,1761400,0.00237185,904500,105.554907223713
002304,洋河股份,2016-03-31,8,增持,353592,0.02346351,325397,1154.09469764143
002142,宁波银行,2016-03-31,8,增持,460000,0.0117955,175291,61.5684786922788
002250,联化科技,2016-03-31,8,增持,1855526,0.22225241,1698251,1079.79717056112
000555,神州信息,2016-03-31,8,增持,509800,0.05554516,451800,778.965517241379
600074,保千里,2016-03-31,8,增持,948200,0.04112239,904200,2055
000423,东阿阿胶,2016-03-31,8,减持,197200,0.0301519,-4901147,-96.1320796720976
300188,美亚柏科,2016-03-31,8,增持,338146,0.06939824,29546,9.57420609202852
300033,同花顺,2016-03-31,8,减持,173800,0.03232887,-1155700,-86.9274163219255
002051,中工国际,2016-03-31,8,增持,8391875,1.08503684,3711424,79.2962900370071
002477,雏鹰农牧,2016-03-31,8,减持,16749617,1.60275256,-12168244,-42.0786447517678
002589,瑞康医药,2016-03-31,8,增持,1361889,0.24558742,1184052,665.807452892255
000034,深信泰丰,2016-03-31,8,增持,560865,0.08574994,360865,180.4325
601169,北京银行,2016-03-31,8,减持,8792692,0.06938551,-3018677,-25.5573845842933
002371,七星电子,2016-03-31,8,增持,2520557,0.7156607,2369057,1563.73399339934
002123,荣信股份,2016-03-31,8,减持,5811326,0.67448462,-6307004,-52.0451580374524
002249,大洋电机,2016-03-31,8,增持,38710541,1.64013673,38710541,100
600068,葛洲坝,2016-03-31,8,增持,1556800,0.03380836,1556800,100
001979,招商蛇口,2016-03-31,8,增持,3155001,0.03991606,2499197,381.089014400644
002344,海宁皮城,2016-03-31,8,增持,2149429,0.19191332,2119429,7064.76333333333
002185,华天科技,2016-03-31,8,增持,6691634,0.81639261,1570000,30.6542794740897
600674,川投能源,2016-03-31,8,增持,10519553,0.23896448,5283730,100.914985094034
600587,新华医疗,2016-03-31,8,减持,1511979,0.37201637,-1881947,-55.4504429383552
601258,庞大集团,2016-03-31,8,增持,9250924,0.14275867,9250924,100
002160,常铝股份,2016-03-31,8,增持,517600,0.08110874,517600,100
600172,黄河旋风,2016-03-31,8,减持,1084340,0.13684272,-46315943,-97.7123765273722
600283,钱江水利,2016-03-31,8,减持,11200000,3.17284264,-800000,-6.66666666666667
600491,龙元建设,2016-03-31,8,增持,52988681,0.6210824,52988681,100
600636,三爱富,2016-03-31,8,增持,5907482,0.64316034,3307829,127.241174110545
600057,象屿股份,2016-03-31,8,增持,35506087,3.03268804,13433649,60.8616456415009
600332,白云山,2016-03-31,8,增持,2350490,0.18205622,863054,58.0229334236902
300345,华民股份,2016-03-31,8,增持,8852688,2.00606813,1963718,28.5052482446578
000806,银河生物,2016-03-31,8,增持,39002185,3.54593763,46200,0.118595383995553
300257,开山股份,2016-03-31,8,减持,8403895,0.97947494,-6373566,-43.1303185303619
002196,方正电机,2016-03-31,8,减持,2799601,1.05551689,-1707214,-37.8807206419611
300341,麦迪电气,2016-03-31,8,增持,2777803,1.08326931,2777803,100
002156,通富微电,2016-03-31,7,增持,17352473,0.99709025,3824573,28.2717421033568
002092,中泰化学,2016-03-31,7,增持,1582700,0.11384372,1582400,527466.666666667
601988,中国银行,2016-03-31,7,减持,2323100,0.00078913,-170155375,-98.6531072935333
000582,北部湾港,2016-03-31,7,减持,12454176,1.30540661,-100000,-0.796547698550665
300002,神州泰岳,2016-03-31,7,增持,74949057,3.75989373,1799250,2.45967839669078
601628,中国人寿,2016-03-31,7,增持,2563650,0.00907014,858656,50.3612329427552
002055,得润电子,2016-03-31,7,减持,753332,0.16721682,-2891720,-79.3327502598043
000888,峨眉山A,2016-03-31,7,增持,457726,0.08686936,136478,42.4836886144038
000700,模塑科技,2016-03-31,7,增持,6405973,1.78636432,6405903,9151290
600600,青岛啤酒,2016-03-31,7,增持,14281799,1.05714145,4516945,46.2571688219814
600886,国投电力,2016-03-31,7,减持,27688340,0.40802012,-14479027,-34.337043145236
002422,科伦药业,2016-03-31,7,增持,2037062,0.14146263,1339262,191.92633992548
300135,宝利国际,2016-03-31,7,增持,1826900,0.19823134,1826900,100
600754,锦江股份,2016-03-31,7,增持,296900,0.0369041,278900,1549.44444444444
000971,高升控股,2016-03-31,7,增持,202750,0.04704773,34850,20.7564026206075
000965,天保基建,2016-03-31,7,减持,16146199,1.60031759,-18238602,-53.0426277587007
002324,普利特,2016-03-31,7,增持,1314900,0.487,383300,41.1442679261486
300474,N景嘉微,2016-03-31,7,新进,128143,0.09598726,128143,0.09598726
600136,道博股份,2016-03-31,7,增持,327500,0.13444662,320000,4266.66666666667
002701,奥瑞金,2016-03-31,7,增持,2129420,0.21699017,1736400,441.809577120757
002353,杰瑞股份,2016-03-31,7,增持,651176,0.0679828,209141,47.3132218037033
601311,骆驼股份,2016-03-31,7,增持,8552316,1.00422228,7480788,698.142092413824
600667,太极实业,2016-03-31,7,减持,13210947,1.10897611,-3160231,-19.3036261654476
002285,世联行,2016-03-31,7,增持,1313204,0.09083541,155506,13.4323459140467
300180,华峰超纤,2016-03-31,7,增持,600600,0.15205063,600600,100
002565,上海绿新,2016-03-31,7,增持,3392708,0.48698225,1705803,101.120276482671
300081,恒信移动,2016-03-31,7,减持,1805864,1.3476597,-1733865,-48.9829871156803
002157,正邦科技,2016-03-31,7,减持,465606,0.06931879,-209639,-31.0463609504698
600422,昆药集团,2016-03-31,7,减持,381032,0.0966242,-2717964,-87.7046630586164
002341,新纶科技,2016-03-31,7,增持,8705759,2.33123366,515600,6.29536007786906
600880,博瑞传播,2016-03-31,7,增持,683000,0.06246959,622572,1030.27073542067
002348,高乐股份,2016-03-31,7,增持,1865837,0.39396896,557038,42.5610044017454
002792,通宇通讯,2016-03-31,7,新进,100543,0.06702867,100543,0.06702867
000796,凯撒旅游,2016-03-31,7,减持,4156190,0.51758266,-392900,-8.63689221360756
300160,秀强股份,2016-03-31,7,增持,4450747,2.38262687,4211216,1758.10897128138
300016,北陆药业,2016-03-31,7,减持,632321,0.19131696,-238300,-27.3712671759583
600999,招商证券,2016-03-31,6,减持,696400,0.01199007,-32034,-4.39765304749641
600642,申能股份,2016-03-31,6,增持,719700,0.01581049,615800,592.685274302214
600158,中体产业,2016-03-31,6,增持,650389,0.07708447,5189,0.804246745195288
300073,当升科技,2016-03-31,6,减持,203400,0.11112688,-2556110,-92.629126185446
600153,建发股份,2016-03-31,6,减持,2055300,0.07249223,-125713,-5.76397297952832
601601,中国太保,2016-03-31,6,减持,1598401,0.01763851,-642641,-28.6759909006614
600654,中安消,2016-03-31,6,增持,20841960,1.6244442,3394000,19.452130793514
300068,南都电源,2016-03-31,6,减持,2277771,0.37650352,-4252393,-65.1192374341594
300315,掌趣科技,2016-03-31,6,减持,25105920,0.90509214,-587166,-2.28530741694478
601888,中国国旅,2016-03-31,6,增持,4794902,0.4911613,775807,19.303027174028
600594,益佰制药,2016-03-31,6,减持,19574568,2.47176294,-9466679,-32.5973571313932
600019,宝钢股份,2016-03-31,6,增持,4236759,0.02572798,4146785,4608.87034032054
000869,张裕A,2016-03-31,6,增持,468500,0.06834787,448500,2242.5
300027,华谊兄弟,2016-03-31,6,增持,340000,0.02440973,267620,369.743022934512
002074,国轩高科,2016-03-31,6,增持,3722910,0.42481999,1644710,79.1410836300645
002124,天邦股份,2016-03-31,6,增持,2281425,0.78832947,1746625,326.594053851907
600219,南山铝业,2016-03-31,6,增持,34836700,1.22872785,10479933,43.0267818384928
002662,京威股份,2016-03-31,6,增持,4199669,0.55995586,3386069,416.183505408063
601788,光大证券,2016-03-31,6,减持,2340159,0.05990118,-11356114,-82.9138992775626
600987,航民股份,2016-03-31,6,增持,628000,0.09884937,465800,287.176325524044
002673,西部证券,2016-03-31,6,增持,544600,0.01948082,542066,21391.7127071823
300147,香雪制药,2016-03-31,6,减持,8299747,1.25473076,-4973661,-37.4708665626793
300038,梅泰诺,2016-03-31,6,增持,7094500,3.72549647,116100,1.6637051473117
000983,西山煤电,2016-03-31,6,增持,1671300,0.05303694,168100,11.182810005322
002218,拓日新能,2016-03-31,6,持平,32105262,2.55422393,0,0
000686,东北证券,2016-03-31,6,增持,468800,0.02395301,388209,481.702671514189
300291,华录百纳,2016-03-31,6,减持,1489818,0.21026629,-1115135,-42.8082579608922
300232,洲明科技,2016-03-31,6,减持,6950560,3.02168812,-10615,-0.152488624406081
002171,楚江新材,2016-03-31,6,增持,504008,0.11333281,500608,14723.7647058824
600566,济川药业,2016-03-31,6,增持,4497105,0.57547866,1125868,33.3962874754875
600617,国新能源,2016-03-31,6,减持,272700,0.02514143,-578342,-67.9569280952056
600195,中牧股份,2016-03-31,6,增持,3005673,0.69931898,101554,3.49689527185353
600751,天海投资,2016-03-31,6,增持,13400,0.00046217,13400,100
601377,兴业证券,2016-03-31,6,增持,6146450,0.09178365,5533668,903.040232905014
300199,翰宇药业,2016-03-31,6,减持,19627454,2.20529137,-3047286,-13.4391221244433
603077,和邦生物,2016-03-31,6,持平,79380000,2.3965665,0,0
601989,中国重工,2016-03-31,6,减持,1037500,0.00565035,-72200,-6.50626295395152
600598,北大荒,2016-03-31,6,减持,1700938,0.09568303,-110962,-6.12406865721066
002262,恩华药业,2016-03-31,6,增持,4643366,0.95706584,4127881,800.776162254964
601699,潞安环能,2016-03-31,6,增持,3213016,0.1074081,3213016,100
002573,清新环境,2016-03-31,6,增持,14319000,1.34375,40000,0.280131661881084
600565,迪马股份,2016-03-31,6,减持,94309218,4.02023728,-26148052,-21.7073257595826
600358,国旅联合,2016-03-31,6,增持,11822763,2.34143485,10401586,731.899404507672
600377,宁沪高速,2016-03-31,6,增持,907718,0.01801832,907718,100
601933,永辉超市,2016-03-31,6,减持,1236400,0.03039677,-554600,-30.9659408151871
002408,齐翔腾达,2016-03-31,6,增持,881200,0.10920629,881200,100
300049,福瑞股份,2016-03-31,6,减持,3645222,1.38360891,-4988107,-57.7773301585055
001896,豫能控股,2016-03-31,6,减持,7542690,0.88190131,-62427202,-89.22009197899
603328,依顿电子,2016-03-31,6,增持,180400,0.03689162,156400,651.666666666667
600645,中源协和,2016-03-31,6,减持,162114,0.04198851,-107786,-39.9355316783994
002234,民和股份,2016-03-31,6,增持,560263,0.18548891,403263,256.855414012739
300287,飞利信,2016-03-31,6,减持,24653,0.00200299,-875469,-97.2611490442407
000782,美达股份,2016-03-31,6,增持,583800,0.11053895,347533,147.093330850267
600292,中电远达,2016-03-31,6,增持,644200,0.08250334,334200,107.806451612903
002263,大东南,2016-03-31,6,增持,9202365,0.97982969,1349993,17.1921681754252
002279,久其软件,2016-03-31,6,减持,2077469,0.95914122,-23700,-1.12794354000083
300042,朗科科技,2016-03-31,6,增持,377059,0.28222979,352059,1408.236
300334,津膜科技,2016-03-31,6,减持,3043465,1.10255408,-1685189,-35.6378157505286
600791,京能置业,2016-03-31,6,增持,122300,0.02700495,106000,650.306748466258
002200,云投生态,2016-03-31,6,增持,1797706,0.97630901,1682506,1460.50868055556
600285,羚锐制药,2016-03-31,6,增持,19561561,3.65307629,18297359,1447.34456993424
300467,迅游科技,2016-03-31,6,增持,74901,0.04681314,74901,100
600837,海通证券,2016-03-31,5,减持,8387271,0.07292202,-8189417,-49.4032161309907
000400,许继电气,2016-03-31,5,增持,12344610,1.22426616,1287992,11.6490594140089
000911,南宁糖业,2016-03-31,5,减持,3589100,1.10747026,-1426600,-28.4426899535459
601668,中国建筑,2016-03-31,5,减持,2300176,0.00766725,-181000,-7.29492788903326
000703,恒逸石化,2016-03-31,5,增持,10586171,0.81049736,8780554,486.291057295096
600188,兖州煤业,2016-03-31,5,增持,279300,0.00567868,279201,282021.212121212
300036,超图软件,2016-03-31,5,减持,24800,0.01266458,-15600,-38.6138613861386
002517,恺英网络,2016-03-31,5,减持,129786,0.01917641,-1320881,-91.0533568351662
000925,众合科技,2016-03-31,5,增持,3826744,1.18078819,3600,0.0941633378182982
300054,鼎龙股份,2016-03-31,5,增持,6093672,1.3605056,363651,6.34641653145774
600637,东方明珠,2016-03-31,5,增持,521800,0.01986644,122905,30.8113663996791
300003,乐普医疗,2016-03-31,5,增持,6529300,0.74895747,5390061,473.12820224729
600406,国电南瑞,2016-03-31,5,增持,1761600,0.07252506,920189,109.362606383801
002429,兆驰股份,2016-03-31,5,减持,269400,0.01681871,-1080600,-80.0444444444444
300203,聚光科技,2016-03-31,5,减持,1823646,0.40240972,-309253,-14.4991863187146
300124,汇川技术,2016-03-31,5,减持,111677,0.01404127,-197400,-63.8675799234495
000933,神火股份,2016-03-31,5,减持,1487400,0.07826362,-1129046,-43.1518938284987
000069,华侨城A,2016-03-31,5,增持,2133610,0.02600162,667359,45.5146492653713
000402,金融街,2016-03-31,5,减持,7134531,0.23869851,-27615250,-79.4688461489872
600418,江淮汽车,2016-03-31,5,减持,808698,0.05526789,-13291338,-94.264567835146
300347,泰格医药,2016-03-31,5,增持,4481457,0.15697419,3501711,357.410083838056
600804,鹏博士,2016-03-31,5,减持,267000,0.01906525,-21483185,-98.7724242345525
002426,胜利精密,2016-03-31,5,增持,7603435,0.65173354,7110835,1443.53126268778
300104,乐视网,2016-03-31,5,增持,420400,0.02265067,301700,254.170176916596
002183,怡亚通,2016-03-31,5,增持,304000,0.02905218,221000,266.265060240964
600547,山东黄金,2016-03-31,5,增持,302900,0.02128493,228400,306.577181208054
002052,同洲电子,2016-03-31,5,增持,6371400,0.85412123,900,0.0141276194961149
000078,海王生物,2016-03-31,5,减持,1080300,0.14355882,-462670,-29.9856769736288
300193,佳士科技,2016-03-31,5,减持,2436580,0.48047986,-633420,-20.6325732899023
002603,以岭药业,2016-03-31,5,增持,1908994,0.16928982,1129094,144.774201820746
002360,同德化工,2016-03-31,5,减持,487637,0.12455206,-1100500,-69.2950293331117
002548,金新农,2016-03-31,5,减持,223700,0.05838083,-106300,-32.2121212121212
000957,中通客车,2016-03-31,5,减持,7226393,2.43762692,-18495690,-71.9058794732915
002665,首航节能,2016-03-31,5,减持,47000,0.00643793,-1058781,-95.74961045632
601899,紫金矿业,2016-03-31,5,减持,4228300,0.01962703,-2538700,-37.5158859169499
600664,哈药股份,2016-03-31,5,减持,56604763,2.95203423,-14540817,-20.4381171676441
000681,视觉中国,2016-03-31,5,减持,2343001,0.33443855,-4696435,-66.7160692987336
600259,广晟有色,2016-03-31,5,增持,202500,0.07725391,200000,8000
002104,恒宝股份,2016-03-31,5,减持,535700,0.07507597,-2964270,-84.6941545213245
600995,文山电力,2016-03-31,5,减持,1029000,0.21503516,-1017602,-49.7215384329733
002439,启明星辰,2016-03-31,5,减持,624775,0.07190063,-195430,-23.8269700867466
603798,康普顿,2016-03-31,5,新进,125916,0.125916,125916,0.125916
300083,劲胜精密,2016-03-31,5,减持,7790520,0.10210353,-1218307,-13.5234809148849
600067,冠城大通,2016-03-31,5,增持,48296878,3.24620574,3484000,7.77455087798646
600525,长园集团,2016-03-31,5,增持,751386,0.06841052,701686,1411.8430583501
601800,中国交建,2016-03-31,5,增持,19123006,0.11822762,86069,0.45211579993147
000998,隆平高科,2016-03-31,5,增持,780909,0.06216464,704509,922.13219895288
600390,金瑞科技,2016-03-31,5,减持,9003026,1.99510211,-4199951,-31.8106363436064
300230,永利股份,2016-03-31,5,增持,127430,0.06224512,127345,149817.647058824
000059,*ST华锦,2016-03-31,5,减持,21028669,1.31474989,-2907500,-12.1468895043313
300267,尔康制药,2016-03-31,5,增持,994644,0.09672129,720091,262.277593033039
600529,山东药玻,2016-03-31,5,增持,16729158,6.49978661,11672411,230.828455526844
002433,太安堂,2016-03-31,5,减持,11035317,1.42828852,-15464101,-58.3563797514345
600392,盛和资源,2016-03-31,5,增持,805300,0.0855756,696700,641.528545119705
002325,洪涛股份,2016-03-31,5,增持,3254143,0.32491315,3157843,3279.17237798546
300025,华星创业,2016-03-31,5,增持,453600,0.2117002,30800,7.28476821192053
600843,上工申贝,2016-03-31,5,增持,3091811,0.56359272,3048411,7023.98847926267
002221,东华能源,2016-03-31,5,增持,12888208,1.86152654,3501220,37.2986521342096
300026,红日药业,2016-03-31,5,增持,18629342,1.85467352,412816,2.26616205526784
002707,众信旅游,2016-03-31,5,减持,430200,0.10304572,-166300,-27.8792958927075
600976,健民集团,2016-03-31,5,增持,519400,0.338595,334100,180.302212628171
600055,华润万东,2016-03-31,5,增持,2324562,0.9628075,336574,16.930383885617
000592,平潭发展,2016-03-31,5,增持,17741657,1.83681877,3897222,28.1500978552032
002284,亚太股份,2016-03-31,5,增持,302672,0.04103716,302672,100
300243,瑞丰高材,2016-03-31,5,增持,1493400,0.72440274,1245200,501.692183722804
000756,新华制药,2016-03-31,5,减持,1949777,0.42635519,-686100,-26.0292874060512
002675,东诚药业,2016-03-31,5,减持,72300,0.03277327,-293400,-80.2296964725185
002520,日发精机,2016-03-31,5,增持,890000,0.24093605,607700,215.267445979454
600865,百大集团,2016-03-31,5,减持,183500,0.04877203,-170758,-48.2015931891446
300279,和晶科技,2016-03-31,5,增持,453400,0.34051433,453400,100
300494,盛天网络,2016-03-31,5,减持,3100,0.00258334,-900,-22.5
300503,昊志机电,2016-03-31,5,新进,836900,0.8369,836900,0.8369
000039,中集集团,2016-03-31,4,增持,1464400,0.04916935,957700,189.007302151174
002479,富春环保,2016-03-31,4,增持,36462868,4.57874904,3323556,10.0290434514754
300356,光一科技,2016-03-31,4,增持,3252827,2.0176093,595385,22.404440059275
300136,信维通信,2016-03-31,4,减持,889430,0.14864043,-1063500,-54.4566369506332
600970,中材国际,2016-03-31,4,增持,13786481,1.17883016,936524,7.28814890197687
600236,桂冠电力,2016-03-31,4,增持,62568743,1.03191407,24193093,63.0428227274326
002013,中航机电,2016-03-31,4,增持,370000,0.03460451,260000,236.363636363636
600085,同仁堂,2016-03-31,4,减持,35100,0.00255929,-60565,-63.3094653216955
002002,鸿达兴业,2016-03-31,4,增持,501151,0.05155667,441151,735.251666666667
600118,中国卫星,2016-03-31,4,减持,123400,0.01043561,-18424,-12.9907490974729
600739,辽宁成大,2016-03-31,4,减持,287300,0.01878134,-9722883,-97.1299225998166
002098,浔兴股份,2016-03-31,4,增持,568301,0.1587433,264501,87.0641869651086
601766,中国南车,2016-03-31,4,增持,1630752,0.00597591,1276211,359.961471310793
600395,盘江股份,2016-03-31,4,增持,1288500,0.07785255,1288500,100
600038,中直股份,2016-03-31,4,增持,930000,0.15776704,520000,126.829268292683
600986,科达股份,2016-03-31,4,增持,5768011,0.66383947,94600,1.66742723204788
600517,置信电气,2016-03-31,4,减持,232210,0.01712252,-491768,-67.9258209503604
300166,东方国信,2016-03-31,4,增持,528384,0.09353478,363884,221.206079027356
000028,国药一致,2016-03-31,4,增持,5118837,1.41157918,44216,0.871316301256784
000759,中百集团,2016-03-31,4,增持,20312500,2.98265181,312500,1.5625
600096,云天化,2016-03-31,4,增持,1202400,0.09051986,1202400,100
000639,西王食品,2016-03-31,4,增持,9701053,2.13430203,616773,6.78945386976183
300352,北信源,2016-03-31,4,增持,4075391,1.50814101,408615,11.14371316928
601211,国泰君安,2016-03-31,4,减持,53615600,0.70315541,-46077795,-46.2195063173443
002488,金固股份,2016-03-31,4,减持,45000,0.00884985,-305700,-87.1685201026518
002364,中恒电气,2016-03-31,4,增持,2353802,0.44984926,2205599,1488.22830846879
300496,中科创达,2016-03-31,4,减持,500,0.0005,-3500,-87.5
000768,中航飞机,2016-03-31,4,减持,521101,0.01882153,-2015401,-79.455920003217
002491,通鼎互联,2016-03-31,4,减持,16971483,1.41533261,-4056989,-19.292837824831
600398,海澜之家,2016-03-31,4,减持,47806562,1.06408053,-447550,-0.927485723910949
300145,南方泵业,2016-03-31,4,减持,3700,0.00111051,-6300,-63
300317,珈伟股份,2016-03-31,4,减持,37700,0.00982638,-563200,-93.7260775503412
002236,大华股份,2016-03-31,4,增持,25867610,2.23015959,4966827,23.7638321971
002407,多氟多,2016-03-31,4,减持,265749,0.10577405,-1611251,-85.8418220564731
002504,弘高创意,2016-03-31,4,增持,25300,0.00612985,25300,100
000726,鲁泰A,2016-03-31,4,增持,485600,0.05080781,439403,951.150507608719
002294,信立泰,2016-03-31,4,减持,459046,0.04388518,-1263061,-73.3439327521461
600705,中航资本,2016-03-31,4,减持,""",",-268213,600298,安琪酵母
2016-03-31,券商,4,69200,2746300,0.02099308,-24200,600809,山西汾酒
2016-03-31,券商,4,30859834,563809167.18,3.5641157,907268,600436,片仔癀
2016-03-31,券商,4,123532,6799201.28,0.03071319,46632,002128,露天煤业
2016-03-31,券商,4,3524710,28197680,0.21566057,-11859905,002657,中科金财
2016-03-31,券商,4,64200,4074774,0.01901789,-985999,600633,浙报传媒
2016-03-31,券商,4,489200,8365320,0.04116848,489200,300146,汤臣倍健
2016-03-31,券商,4,85700,2845240,0.0117718,-2633566,601333,广深铁路
2016-03-31,券商,4,1263600,13054400,0.01783854,1263600,000835,长城动漫
2016-03-31,券商,4,2303433,31047606.26,0.70493034,-273730,600963,岳阳林纸
2016-03-31,券商,4,8793409,58652038.03,0.84295948,2071653,002012,凯恩股份
2016-03-31,券商,4,890000,7751900,0.19032327,-328053,002612,朗姿股份
2016-03-31,券商,4,12800,1985918,0.0064,-27150,600992,贵绳股份
2016-03-31,券商,4,578526,7439844.36,0.23604635,-3426074,002229,鸿博股份
2016-03-31,券商,4,6578051,164463279.9,2.20602275,-160934,000488,晨鸣纸业
2016-03-31,券商,4,24690685,209130101.95,1.27507826,5413451,600329,中新药业
2016-03-31,券商,4,4843949,83073725.35,0.63000632,-1191448,600658,电子城
2016-03-31,券商,4,9550036,108870410.4,1.64628146,550036,002001,新和成
2016-03-31,券商,4,120000,3756640,0.01102011,20000,002640,跨境通
2016-03-31,券商,4,8666292,293439987.12,1.34485258,1381850,000987,广州友谊
2016-03-31,券商,4,3167356,81402416.1,0.21364193,-6955000,600661,新南洋
2016-03-31,券商,4,629000,20021070,0.24278541,514200,002293,罗莱家纺
2016-03-31,券商,4,21856227,298118936.28,3.11424114,158952,600673,东阳光科
2016-03-31,券商,4,159016937,1361184980.72,6.4408691,-717260,600713,南京医药
2016-03-31,券商,4,3396857,26257704.61,0.37851127,3161857,002511,中顺洁柔
2016-03-31,券商,4,2467603,30598277.2,0.48991774,1205191,600315,上海家化
2016-03-31,券商,4,197500,6061275,0.02930127,-968679,002117,东港股份
2016-03-31,券商,4,83439,2675888.73,0.02293681,-681089,300098,高新兴
2016-03-31,券商,4,3275000,48273500,0.30585478,3202001,002717,岭南园林
2016-03-31,券商,4,31862,1221907.7,0.00796875,-49038,300348,长亮科技
2016-03-31,券商,4,83425,4903721.5,0.05709348,62625,600647,同达创业
2016-03-31,券商,4,2284929,56156145.48,1.64213793,285000,300207,欣旺达
2016-03-31,券商,4,12080799,317966629.68,1.87271047,-81412,002254,泰和新材
2016-03-31,券商,4,15876860,208304403.2,2.59921196,73900,300090,盛运环保
2016-03-31,券商,4,3276058,30074212.44,0.24819505,-5238426,600331,宏达股份
600216,浙江医药,2016-03-31,4,增持,1054663,0.11266467,1054663,100
600628,新世界,2016-03-31,4,增持,4312598,0.8109447,1732294,67.1352677824008
300367,东方网力,2016-03-31,4,增持,334850,0.04154892,315150,1599.7461928934
300041,回天新材,2016-03-31,4,减持,12348635,1.18767104,-410000,-3.21350990917132
002308,威创股份,2016-03-31,4,减持,17678543,2.1156919,-1275335,-6.72862302901812
002373,千方科技,2016-03-31,4,减持,5012385,0.90773125,-162720,-3.1442840290197
300182,捷成股份,2016-03-31,4,增持,120100,0.00703409,90890,311.160561451558
000902,新洋丰,2016-03-31,4,减持,4867742,0.73840412,-1985907,-28.975907578576
300116,坚瑞消防,2016-03-31,4,增持,75600,0.01511282,27300,56.5217391304348
600209,罗顿发展,2016-03-31,4,减持,612600,0.13954087,-108200,-15.0110987791343
600755,厦门国贸,2016-03-31,4,减持,550000,0.03304356,-3875036,-87.5707225884716
300075,数字政通,2016-03-31,4,增持,50000,0.01307212,26900,116.450216450216
600527,江南高纤,2016-03-31,4,减持,10650000,1.32778218,-5573101,-34.3528712543921
600764,中电广通,2016-03-31,4,增持,1567300,0.47533264,1567300,100
600969,郴电国际,2016-03-31,4,减持,981525,0.37133717,-830770,-45.8407709561633
600386,北巴传媒,2016-03-31,4,减持,8111988,2.01190178,-6599181,-44.8583045983633
002649,博彦科技,2016-03-31,4,减持,145100,0.08170138,-519387,-78.1636059095212
002562,兄弟科技,2016-03-31,4,减持,289000,0.10692934,-820226,-73.9457964382371
300300,汉鼎股份,2016-03-31,4,增持,1353389,0.3529874,805689,147.104071572028
300282,汇冠股份,2016-03-31,4,增持,125000,0.05449473,115000,1150
000788,北大医药,2016-03-31,4,减持,498900,0.08370982,-798200,-61.537275460643
300292,吴通控股,2016-03-31,4,增持,1246296,0.39072763,44050,3.66397559234965
600576,万家文化,2016-03-31,4,减持,783800,0.12343916,-250082,-24.1886404831499
600478,科力远,2016-03-31,4,增持,8785100,0.94730293,278080,3.26882974296522
300092,科新机电,2016-03-31,4,增持,1650000,0.72527472,1649950,3299900
000049,德赛电池,2016-03-31,4,减持,352933,0.17195798,-296342,-45.6419852912864
002560,通达股份,2016-03-31,4,增持,4451810,3.11910595,16100,0.362963313652155
002468,艾迪西,2016-03-31,4,增持,72500,0.0218521,72500,100
600727,鲁北化工,2016-03-31,4,减持,597900,0.17034837,-57800,-8.81500686289462
002567,唐人神,2016-03-31,4,减持,3355324,0.68032334,-2632470,-43.9639373031203
002111,威海广泰,2016-03-31,4,增持,132625,0.03672905,132625,100
600834,申通地铁,2016-03-31,4,增持,3468889,0.72664861,3468889,100
600305,恒顺醋业,2016-03-31,4,增持,608700,0.20197831,43700,7.73451327433628
300329,海伦钢琴,2016-03-31,4,增持,494000,0.19658571,421800,584.210526315789
600730,中国高科,2016-03-31,4,增持,549000,0.09358123,243959,79.9758065309254
000909,数源科技,2016-03-31,4,减持,253700,0.0862925,-2186539,-89.6034773643074
000628,高新发展,2016-03-31,4,增持,2790050,0.89573969,910050,48.406914893617
603883,老百姓,2016-03-31,4,增持,223202,0.08359626,223202,100
300155,安居宝,2016-03-31,4,增持,545500,0.09974402,300500,122.65306122449
000880,潍柴重机,2016-03-31,4,增持,4251800,1.5399465,231800,5.76616915422886
300194,福安药业,2016-03-31,4,增持,4830135,1.71281704,4636135,2389.76030927835
300097,智云股份,2016-03-31,4,增持,366290,0.24776395,261690,250.181644359465
000099,中信海直,2016-03-31,4,增持,136500,0.02252214,136500,100
000586,汇源通信,2016-03-31,4,减持,694100,0.35881928,-5845900,-89.3868501529052
002235,安妮股份,2016-03-31,4,增持,3579630,1.83570769,65786,1.87219466772002
002084,海鸥卫浴,2016-03-31,4,减持,936143,0.20515225,-33977,-3.50235022471447
002189,利达光电,2016-03-31,4,减持,986400,0.49508131,-5894784,-85.6652576068305
002569,步森股份,2016-03-31,4,减持,57400,0.04099707,-2700,-4.49251247920133
002586,围海股份,2016-03-31,4,增持,5111459,0.70200141,4748059,1306.56549257017
603898,好莱客,2016-03-31,4,减持,91998,0.03129184,-212987,-69.8352377985803
300401,花园生物,2016-03-31,4,增持,225600,0.12436604,225600,100
601877,正泰电器,2016-03-31,3,减持,1002420,0.07623509,-288467,-22.3464176182733
300011,鼎汉技术,2016-03-31,3,增持,404668,0.07677027,154668,61.8672
600373,中文传媒,2016-03-31,3,减持,296000,0.02148134,-6288910,-95.5048740225759
600497,驰宏锌锗,2016-03-31,3,减持,150000,0.00797724,-4386700,-96.693631935107
002465,海格通信,2016-03-31,3,减持,548700,0.02557146,-790255,-59.0202807413244
000090,天健集团,2016-03-31,3,减持,43101714,0.20798048,-1230726,-2.77612962426611
600585,海螺水泥,2016-03-31,3,增持,507900,0.00958428,278028,120.949049906035
600383,金地集团,2016-03-31,3,增持,2519901,0.05598723,2457969,3968.81902732029
300072,三聚环保,2016-03-31,3,减持,73600,0.00923818,-167204,-69.4357236590754
002180,艾派克,2016-03-31,3,减持,18400,0.00323289,-511600,-96.5283018867925
600160,巨化股份,2016-03-31,3,增持,485000,0.02678203,485000,100
000050,深天马A,2016-03-31,3,增持,597600,0.04265224,512600,603.058823529412
601021,春秋航空,2016-03-31,3,增持,143225,0.01790313,98300,218.809126321647
600123,兰花科创,2016-03-31,3,增持,1043900,0.09137779,1043900,100
300324,旋极信息,2016-03-31,3,增持,7743110,1.54867432,4503766,139.033273403504
300339,润和软件,2016-03-31,3,减持,3170956,0.88549122,-815012,-20.4470281748373
002007,华兰生物,2016-03-31,3,减持,112000,0.019267,-24000,-17.6470588235294
000709,河北钢铁,2016-03-31,3,增持,8690925,0.08184618,8682425,102146.176470588
600149,廊坊发展,2016-03-31,3,减持,11613316,3.05484955,-30000,-0.257658557063984
601555,东吴证券,2016-03-31,3,增持,365600,0.01218667,292100,397.414965986395
300009,安科生物,2016-03-31,3,减持,88400,0.0216739,-404420,-82.0624162980398
600967,北方创业,2016-03-31,3,增持,790000,0.09601035,690000,690
000425,徐工机械,2016-03-31,3,减持,49639986,0.70070539,-49317378,-49.8369964664782
000697,炼石有色,2016-03-31,3,增持,3144627,0.56186155,3144027,524004.5
600366,宁波韵升,2016-03-31,3,增持,63200,0.01135829,63200,100
600483,福能股份,2016-03-31,3,减持,1557631,0.10037411,-374569,-19.3856226063554
000623,吉林敖东,2016-03-31,3,减持,17337920,1.93841402,-1449166,-7.71362839346134
600203,福日电子,2016-03-31,3,减持,446925,0.11752501,-211494,-32.121491026231
002502,骅威股份,2016-03-31,3,增持,137400,0.03195985,137400,100
600583,海油工程,2016-03-31,3,增持,1919200,0.04340751,885691,85.6974636892373
000876,新希望,2016-03-31,3,减持,56200,0.00269659,-70517,-55.6492025537221
600196,复星医药,2016-03-31,3,减持,95000,0.00410531,-254894,-72.848919958616
000060,中金岭南,2016-03-31,3,减持,1328553,0.06004412,-15312549,-92.0164361711142
601006,大秦铁路,2016-03-31,3,减持,85486520,0.57501661,-15872947,-15.6600537372597
000601,韶能股份,2016-03-31,3,增持,12803563,1.18490983,12683563,10569.6358333333
002648,卫星石化,2016-03-31,3,增持,15768990,1.97112376,502605,3.29223323006724
300357,我武生物,2016-03-31,3,增持,186313,0.1152927,66377,55.3436832977588
300304,云意电气,2016-03-31,3,增持,1511427,0.7557135,45377,3.09518774939463
000046,泛海控股,2016-03-31,3,减持,29794534,0.57339075,-965447,-3.13864628199868
002475,立讯精密,2016-03-31,3,增持,2418537,0.19233255,1943832,409.482099409107
002557,洽洽食品,2016-03-31,3,减持,30000,2.00172682,-8236368,-99.6370836623775
000887,中鼎股份,2016-03-31,3,减持,240000,0.02151515,-513399,-68.1443697164451
002340,格林美,2016-03-31,3,增持,1179037,0.08100926,886737,303.365378036264
002202,金风科技,2016-03-31,3,减持,36728500,0.62749927,-543982,-1.45947350648664
600208,新湖中宝,2016-03-31,3,减持,283207533,3.11228341,-1262554,-0.443826629827691
600166,福田汽车,2016-03-31,3,增持,1687200,0.05058971,867683,105.877364349977
600050,中国联通,2016-03-31,3,增持,1635030,0.00771364,79100,5.08377626242826
002020,京新药业,2016-03-31,3,减持,554000,0.17334822,-276700,-33.3092572529192
000550,江铃汽车,2016-03-31,3,减持,200677,0.02324765,-683434,-77.3018320097816
000697,炼石有色,2016-03-31,3,增持,3144627,0.56186155,3144027,524004.5
000539,粤电力A,2016-03-31,3,增持,942140,0.01794455,942140,100
300432,富临精工,2016-03-31,3,增持,3607470,1.00207499,19600,0.546285121813221
601006,大秦铁路,2016-03-31,3,减持,85486520,0.57501661,-15872947,-15.6600537372597
600748,上实发展,2016-03-31,3,增持,54433456,0.65334362,54433456,100
300150,世纪瑞尔,2016-03-31,3,减持,505100,0.09353704,-2100,-0.41403785488959
002085,万丰奥威,2016-03-31,3,减持,17916989,1.96630724,-55040,-0.306253678980821
600160,巨化股份,2016-03-31,3,增持,485000,0.02678203,485000,100
600728,佳都科技,2016-03-31,3,减持,6694415,1.13792964,-1569923,-18.996355182956
600699,均胜电子,2016-03-31,3,增持,5088101,0.73808006,3175469,166.026135712463
600208,新湖中宝,2016-03-31,3,减持,283207533,3.11228341,-1262554,-0.443826629827691
600759,洲际油气,2016-03-31,3,减持,17488499,0.77262826,-24700,-0.141036483397465
002011,盾安环境,2016-03-31,3,减持,190000,0.02071495,-423000,-69.0048939641109
600279,重庆港九,2016-03-31,3,减持,3801804,0.8229505,-11183210,-74.6292929722989
002007,华兰生物,2016-03-31,3,减持,112000,0.019267,-24000,-17.6470588235294
603001,奥康国际,2016-03-31,3,减持,250500,0.06247194,-49500,-16.5
600975,新五丰,2016-03-31,3,增持,515000,0.15781194,302700,142.581252943947
002175,东方网络,2016-03-31,3,增持,41500,0.01799921,41500,100
600077,宋都股份,2016-03-31,3,减持,2000000,0.14924011,-13600628,-87.1800032665352
002564,天沃科技,2016-03-31,3,增持,866500,0.11714018,866500,100
600477,杭萧钢构,2016-03-31,3,增持,1185800,0.14652955,1000334,539.362470749356
002606,大连电瓷,2016-03-31,3,减持,25400,0.01245098,-186259,-87.9995653385871
002381,双箭股份,2016-03-31,3,增持,1674688,0.39082567,680789,68.4967989705191
600213,亚星客车,2016-03-31,3,减持,790000,0.35909092,-360000,-31.304347826087
600892,宝诚股份,2016-03-31,3,增持,188192,0.1345516,10000,5.61192421657538
300324,旋极信息,2016-03-31,3,增持,7743110,1.54867432,4503766,139.033273403504
002690,美亚光电,2016-03-31,3,减持,626100,0.09261835,-3692680,-85.5028503419947
300246,宝莱特,2016-03-31,3,增持,201204,0.13772795,41204,25.7525
000800,一汽轿车,2016-03-31,3,减持,259000,0.01591398,-1326604,-83.6655306116786
600339,天利高新,2016-03-31,3,增持,1000600,0.17306787,600,0.06
300440,运达科技,2016-03-31,3,减持,""",",""",",三聚环保,2016-03-31
券商,4,3,2399360,0.00923818,0.01147631,-69.4357236590754,东江环保,2016-03-31
券商,4,3,12474094.32,0.08607216,0.11496424,-32.9101530980021,福田汽车,2016-03-31
券商,4,3,9178368,0.05058971,0.05058971,105.877364349977,江西铜业,2016-03-31
券商,4,3,9529680,0.01943554,0.03242987,164.601230611964,美年健康,2016-03-31
券商,4,3,28809283.05,0.07739101,0.33696732,40.460504126099,兰花科创,2016-03-31
券商,4,3,7829250,0.09137779,0.09137779,100,红太阳,2016-03-31
券商,4,3,23048500.86,0.28633414,0.32800916,-35.0409765625,悦达投资,2016-03-31
券商,4,3,34115219.38,0.46137353,0.46226518,-0.000738697106421545,太平洋,2016-03-31
券商,4,3,""",",-12300,-100,通策医疗,券商,4
3,增持,111800,0.03486776,1800,1.63636363636364,新国都,券商,4
3,减持,125400,0.05428069,-209600,-62.5671641791045,中储股份,券商,4
3,增持,16803421,0.9034931,4318257,34.5871067452538,赤峰黄金,券商,4
3,减持,10436738,1.70998187,-2945500,-22.0105187189168,成商集团,券商,4
3,增持,2900,0.00050894,2900,100,克明面业,券商,4
3,增持,2444444,2.94227732,2444444,100,旭光股份,券商,4
3,增持,1088599,0.20021316,1088599,100,大商股份,券商,4
3,增持,198500,0.06758168,93500,89.047619047619,亚厦股份,券商,4
3,增持,1199100,0.08953013,219100,22.3571428571429,胜利股份,券商,4
600748,上实发展,2016-03-31,3,增持,54433456,0.65334362,54433456,100
002661,克明面业,2016-03-31,3,增持,2444444,2.17880486,2444444,100
600023,浙能电力,2016-03-31,3,增持,24700,0.00018161,24700,100
600353,旭光股份,2016-03-31,3,增持,1088599,0.20021316,1088599,100
601599,鹿港科技,2016-03-31,3,增持,1820400,0.40716242,1540400,550.142857142857
600981,汇鸿集团,2016-03-31,3,减持,220048899,0,-11500,-0.00522583802095169
002375,亚厦股份,2016-03-31,3,增持,1199100,0.08953013,219100,22.3571428571429
000407,胜利股份,2016-03-31,3,减持,22493199,2.04387664,-2626418,-10.4556450840791
600107,美尔雅,2016-03-31,3,增持,10355159,2.87643305,138900,1.35959748083912
300274,阳光电源,2016-03-31,3,增持,498637,0.07545245,498637,100
600122,宏图高科,2016-03-31,3,增持,894566,0.07777493,77428,9.47551086842125
600694,大商股份,2016-03-31,3,增持,198500,0.06758168,93500,89.047619047619
000035,中国天楹,2016-03-31,3,减持,2918157,0.47121856,-1265124,-30.2423862991752
300032,金龙机电,2016-03-31,3,减持,12574100,1.86023938,-1533400,-10.869395711501
300196,长海股份,2016-03-31,3,增持,429933,0.22392344,12336,2.95404421008772
603001,奥康国际,2016-03-31,3,减持,250500,0.06247194,-49500,-16.5
000590,*ST古汉,2016-03-31,3,增持,970160,0.43440402,336942,53.2110584348518
601126,四方股份,2016-03-31,3,增持,1040391,0.1279423,26700,2.63393874464704
002444,巨星科技,2016-03-31,3,增持,11300,0.00105092,3300,41.25
600416,湘电股份,2016-03-31,3,增持,17127500,2.3039253,5300000,44.8108222363137
300266,兴源环境,2016-03-31,3,减持,3728548,0.90058881,-428830,-10.3149148333397
002643,万润股份,2016-03-31,3,增持,6328542,1.86204099,3658240,136.997238514595
300130,新国都,2016-03-31,3,减持,125400,0.05428069,-209600,-62.5671641791045
002458,益生股份,2016-03-31,3,增持,167400,0.05001281,107400,179
000504,ST传媒,2016-03-31,3,增持,5916595,1.89893793,10200,0.172694173010779
600165,新日恒力,2016-03-31,3,减持,40389403,5.89726381,-5700000,-12.3672680247128
002133,广宇集团,2016-03-31,3,增持,2350000,0.30356102,1999300,570.088394639293
002322,理工监测,2016-03-31,3,减持,287000,0.07062378,-253000,-46.8518518518518
002683,宏大爆破,2016-03-31,3,增持,21225782,0.06434662,392450,1.88376012056065
002756,永兴特钢,2016-03-31,3,增持,1973117,0.9865585,1495117,312.785983263598
600787,中储股份,2016-03-31,3,增持,16803421,0.76386094,4318257,34.5871067452538
000409,山东地矿,2016-03-31,3,增持,4337900,0.91766749,2137900,97.1772727272727
600561,江西长运,2016-03-31,3,增持,3563000,1.50296967,376965,11.831790925084
002312,三泰控股,2016-03-31,3,增持,119500,0.01300711,19500,19.5
000862,银星能源,2016-03-31,3,增持,7859992,1.45116565,7642992,3522.11612903226
600075,新疆天业,2016-03-31,3,增持,150000,0.03420035,150000,100
002159,三特索道,2016-03-31,3,增持,2582632,1.86247501,2136972,479.507247677602
002472,双环传动,2016-03-31,3,增持,4022033,1.18864237,4022033,100
002291,星期六,2016-03-31,3,减持,987209,0.24746925,-2128437,-68.3144683317681
002411,必康股份,2016-03-31,3,增持,470000,0.03747688,405000,623.076923076923
600073,上海梅林,2016-03-31,3,减持,21823482,2.32726844,-10587213,-32.665800594526
002149,西部材料,2016-03-31,3,减持,72125,0.04130161,-3395296,-97.9199237704334
600503,华丽家族,2016-03-31,3,减持,700000,0.04368747,-150000,-17.6470588235294
300064,豫金刚石,2016-03-31,3,增持,3998994,0.58971751,3447681,625.358190356476
600975,新五丰,2016-03-31,3,增持,515000,0.15781194,302700,142.581252943947
000023,深天地A,2016-03-31,3,减持,555910,0.40063784,-239964,-30.1510038021094
000587,金叶珠宝,2016-03-31,3,增持,607500,0.05721014,419900,223.827292110874
600339,天利高新,2016-03-31,3,增持,1000600,0.17306787,600,0.06
300236,上海新阳,2016-03-31,3,减持,1911910,0.98176993,-49000,-2.49883982436726
000038,深大通,2016-03-31,3,增持,28700,0.01494294,24700,617.5
000530,大冷股份,2016-03-31,3,增持,6301038,1.74948661,6301038,100
300457,赢合科技,2016-03-31,3,减持,440401,0.37641111,-20585,-4.46542845118941
300086,康芝药业,2016-03-31,3,增持,2400401,0.53342245,326101,15.7210143180832
000948,南天信息,2016-03-31,3,增持,248000,0.10056526,48000,24
002170,芭田股份,2016-03-31,3,增持,532000,0.06067653,489900,1163.65795724466
002539,新都化工,2016-03-31,3,增持,13399504,1.32655223,11158088,497.814238856152
600985,雷鸣科化,2016-03-31,3,增持,2229747,0.84828106,2229747,100
000913,钱江摩托,2016-03-31,3,减持,154800,0.03413181,-273100,-63.8233232063566
002438,江苏神通,2016-03-31,3,增持,5250335,2.39117283,1760472,50.4453040133667
002755,东方新星,2016-03-31,3,减持,254500,0.25113479,-155000,-37.8510378510379
300206,理邦仪器,2016-03-31,3,增持,1676719,0.71654658,438755,35.441660662184
600773,西藏城投,2016-03-31,3,增持,882000,0.1209522,882000,100
002546,新联电子,2016-03-31,3,增持,217720,0.03085601,217720,100
000631,顺发恒业,2016-03-31,3,增持,2573300,0.17580624,1442400,127.544433636926
002666,德联集团,2016-03-31,3,减持,2085096,0.27641722,-6788032,-76.5010039300684
000731,四川美丰,2016-03-31,3,增持,4387600,0.74179478,2750000,167.928676111383
002089,新海宜,2016-03-31,3,持平,24840113,3.61397571,0,0
000863,三湘股份,2016-03-31,3,减持,16287029,1.70280575,-11900614,-42.2192589852227
600988,赤峰黄金,2016-03-31,3,减持,10436738,1.46338662,-2945500,-22.0105187189168
600551,时代出版,2016-03-31,3,增持,3514125,0.69473097,3514125,100
600299,安迪苏,2016-03-31,3,增持,447401,0.01668224,447401,100
300302,同有科技,2016-03-31,3,增持,143600,0.07154958,143600,100
002280,联络互动,2016-03-31,3,减持,51450,0.00236319,-28550,-35.6875
000606,青海明胶,2016-03-31,3,增持,290000,0.06142589,290000,100
000665,湖北广电,2016-03-31,3,减持,2035600,0.3199535,-16134400,-88.7969179966979
002226,江南化工,2016-03-31,3,增持,3570006,0.45116907,1690200,89.9135336305981
300327,中颖电子,2016-03-31,3,减持,37400,0.02158069,-344500,-90.2068604346688
600300,维维股份,2016-03-31,3,减持,975000,0.0583134,-823743,-45.7954805105565
300018,中元华电,2016-03-31,3,增持,107400,0.04467261,53000,97.4264705882353
000679,大连友谊,2016-03-31,3,增持,922119,0.25873147,922119,100
002085,万丰奥威,2016-03-31,3,减持,17916989,1.96630724,-55040,-0.306253678980821
002577,雷柏科技,2016-03-31,3,增持,424300,0.14941351,249299,142.455757395672
300330,华虹计通,2016-03-31,3,增持,3500,0.00206822,3500,100
002782,可立克,2016-03-31,3,减持,1500,0.00088029,-5500,-78.5714285714286
603919,金徽酒,2016-03-31,3,新进,1699,0.00060679,1699,0.00060679
002787,华源包装,2016-03-31,3,减持,1500,0.00106533,-42620,-96.6001813236627
002781,奇信股份,2016-03-31,3,减持,1500,0.00066666,-30291,-95.2816834953289
000997,新大陆,2016-03-31,2,增持,7202280,0.76732487,608990,9.23651166564795
600588,用友网络,2016-03-31,2,减持,217027,0.01482128,-44473,-17.0068833652008
300133,华策影视,2016-03-31,2,减持,130000,0.01190868,-670456,-83.7592572233827
300294,博雅生物,2016-03-31,2,减持,72600,0.02715188,-568334,-88.6727806607233
002514,宝馨科技,2016-03-31,2,减持,130000,0.04692851,-8348620,-98.4667316143429
300219,鸿利光电,2016-03-31,2,增持,2013624,0.32749975,1950174,3073.56028368794
000415,渤海金控,2016-03-31,2,减持,700,1.132E-05,-262900,-99.7344461305008
600894,广日股份,2016-03-31,2,增持,7311154,0.85018669,7311154,100
300284,苏交科,2016-03-31,2,增持,473200,0.08533607,473200,100
600005,武钢股份,2016-03-31,2,增持,1700600,0.016848,1006800,145.113865667339
600859,王府井,2016-03-31,2,减持,124700,0.02694655,-281442,-69.2964529647266
002358,广电运通,2016-03-31,2,减持,300000,0.0377076,-138300,-31.5537303216975
300122,智飞生物,2016-03-31,2,减持,56973376,7.121672,-88,-0.000154457871826084
600879,航天电子,2016-03-31,2,减持,3959510,0.38089167,-83900,-2.07498126581277
601168,西部矿业,2016-03-31,2,增持,2500,0.00010491,2500,100
600198,大唐电信,2016-03-31,2,减持,146600,0.01661927,-128200,-46.6521106259098
600750,江中药业,2016-03-31,2,增持,120000,0.04,94938,378.812544888676
002244,滨江集团,2016-03-31,2,增持,142600,0.00458308,142600,100
002301,齐心集团,2016-03-31,2,减持,11569773,3.09683434,-6809396,-37.0495314559652
002333,罗普斯金,2016-03-31,2,增持,7597742,3.02335359,5850271,334.785012169015
000157,中联重科,2016-03-31,2,增持,1224600,0.01597832,947200,341.456380677722
000839,中信国安,2016-03-31,2,减持,20934649,1.33517707,-26999875,-56.3265737237737
002179,中航光电,2016-03-31,2,增持,606545,0.10066888,492045,429.733624454148
002743,富煌钢构,2016-03-31,2,减持,143313,0.11810862,-57687,-28.7
002583,海能达,2016-03-31,2,减持,46723936,3.03856121,-180000,-0.383763102525127
002650,ST加加,2016-03-31,2,增持,48205307,4.18448846,9745900,25.3407443333695
600685,中船防务,2016-03-31,2,减持,10100,0.00071453,-12534016,-99.9194841629334
601727,上海电气,2016-03-31,2,减持,326700,0.00254751,-2130781,-86.7058992521204
600702,沱牌舍得,2016-03-31,2,增持,350000,0.10376519,350000,100
002208,合肥城建,2016-03-31,2,增持,9695029,3.02875008,9695029,100
600280,*ST中商,2016-03-31,2,增持,45388250,3.95252736,1608450,3.6739546548865
002145,中核钛白,2016-03-31,2,增持,9574324,1.78743768,9574324,100
002460,赣锋锂业,2016-03-31,2,减持,22400,0.00592883,-257651,-92.0014568774973
600449,宁夏建材,2016-03-31,2,减持,768200,0.16065045,-103100,-11.8328933777115
002261,拓维信息,2016-03-31,2,增持,18661396,1.34508078,4133475,28.4519374795609
000905,厦门港务,2016-03-31,2,增持,47000,0.00885123,47000,100
002178,延华智能,2016-03-31,2,增持,5413223,0.74143273,3657223,208.270102505695
600420,现代制药,2016-03-31,2,减持,205500,0.07142028,-3947853,-95.0521903628225
300184,力源信息,2016-03-31,2,减持,""",",""",",鲁信创投,2016-03-31
券商,4,2,5087358,0.02771511,0.02771511,104.109900764794,合众思壮,2016-03-31
券商,4,2,81044801.11,1.21980895,1.28580823,-58.3531860933038,经纬电材,2016-03-31
券商,4,2,48450706.86,1.49909486,1.50107427,14.9791022799317,航天晨光,2016-03-31
券商,4,2,6853674.76,0.0047474,0.00513764,-72.972972972973,天神娱乐,2016-03-31
券商,4,2,759072,0.0032867,0.00904059,-90.0723888314374,太极集团,2016-03-31
券商,4,2,87894603.25,1.22921357,1.22921357,-0.299305060503208,大亚科技,2016-03-31
券商,4,2,70279594,0.91067299,0.91067299,-63.604992263466,黔轮胎A,2016-03-31
券商,4,2,941308,0.02183208,0.02271067,100,东方钽业,2016-03-31
券商,4,2,77069792.12,1.87583454,1.87583454,0,中南建设,2016-03-31
券商,4,2,577923024,3.16409992,3.16409992,-4.29860154066623,浪潮信息,2016-03-31
券商,4,2,7751211,0.03031174,0.0315611,-72.4210142948193,三力士,2016-03-31
券商,4,2,173202848,1.44944855,1.44944855,-54.8552743007545,山东威达,2016-03-31
券商,4,2,6487200,0.00282379,0.00282379,-88.2352941176471,奥瑞德,2016-03-31
券商,4,2,235077588.72,0.99467108,2.62967753,31.9649180277399,佳创视讯,2016-03-31
券商,4,2,4824820,0.07843137,0.07843137,-93.1951443574515,博雅生物,2016-03-31
券商,4,2,3413652,0.02715188,0.04920247,-88.6727806607233,龙力生物,2016-03-31
券商,4,2,6952816.44,0.11851005,0.11851005,99.107,新农开发,2016-03-31
券商,4,2,40559681.11,1.12026092,1.12026092,-53.225013877288,福晶科技,2016-03-31
券商,4,2,98481000,1.78947368,1.78947368,2,好想你,2016-03-31
券商,4,2,3719232,0.06775068,0.06775068,-96.3008476237755,富春通信,2016-03-31
券商,4,2,157092,0.00149999,0.0029928,-96.3865732669815,邦讯技术,2016-03-31
券商,4,2,228903807.6,4.7335208,4.81475972,100,美盈森,2016-03-31
券商,4,2,188997000,1.20665548,1.20665548,0,茂化实华,2016-03-31
002188,巴士在线,2016-03-31,2,减持,""",",""",",盐湖股份,2016-03-31
券商,4,2,153920,0.00043071,0.00044974,-92,中国软件,2016-03-31
券商,4,2,229302577.47,1.83768155,1.87502777,10.6926002421758,东风汽车,2016-03-31
券商,4,2,83214,0.00067,0.00067,-96.5833758286588,信雅达,2016-03-31
券商,4,2,""",",""",",300085,2016-03-31,4,2
减持,""",",""",",四环生物,2016-03-31,券商,2,41430607,284628270.09
4.02412283,4.02412283,0,昆仑万维,2016-03-31,券商,2,45200,1594204
0.00400982,0.01016848,45200,韶钢松山,2016-03-31,券商,2,6527421,28720652.4
0.26978116,0.39097488,5543021,青岛海尔,2016-03-31,券商,2,""",",""","
-130190,-100,002129,券商,4,2,46850000,1.771778,2.04027404
-353100,-0.748044090324576,300015,券商,4,2,8501164,0.86215041,0.86585468
-930805,-9.86861810084405,300377,券商,4,2,11700,0.0105691,0.01991783
11700,100,600266,券商,4,2,29000,0.00185062,0.00191162
29000,100,002526,券商,4,2,1453900,0.27226592,0.27226592
-6167500,-80.9234523840764,002452,券商,4,2,3100,0.00059,0.00084986
3100,100,300103,券商,4,2,477000,0.22528267,0.56014715
477000,100,600795,券商,4,2,""",",-55000,-100
600112,天成控股,2016-03-31,2,减持,10003800,1.96459246,-762750,-7.08444209147777
600688,上海石化,2016-03-31,2,增持,840800,0.00778519,839400,59957.1428571429
300053,欧比特,2016-03-31,2,增持,1061752,0.45931428,1061752,100
002594,比亚迪,2016-03-31,2,减持,32611412,1.31710064,-731464,-2.19376396925088
002102,冠福股份,2016-03-31,2,持平,962500,0.13207954,0,0
601999,出版传媒,2016-03-31,2,增持,1116091,0.20258871,230000,25.9567019640195
600740,山西焦化,2016-03-31,2,增持,112600,0.0147055,112600,100
000006,深振业A,2016-03-31,2,增持,1600000,0.11851895,1600000,100
300237,美晨生态,2016-03-31,2,减持,43333350,5.3679379,-90,-0.000207691796450963
600256,广汇能源,2016-03-31,2,减持,94044665,1.80113036,-100923,-0.107198863105513
002585,双星新材,2016-03-31,2,增持,291500,0.04063694,291500,100
600369,西南证券,2016-03-31,2,减持,139065658,2.46347156,-34047140,-19.6676042403289
600111,北方稀土,2016-03-31,2,增持,278600,0.00766845,219918,374.762278040967
600867,通化东宝,2016-03-31,2,增持,652100,0.0574117,508400,353.792623521225
002038,双鹭药业,2016-03-31,2,减持,18200,0.00265732,-2810819,-99.3566674525692
000831,*ST五稀,2016-03-31,2,增持,256800,0.02618033,161800,170.315789473684
603308,应流股份,2016-03-31,2,减持,838556,0.20963376,-521708,-38.3534372739409
300251,光线传媒,2016-03-31,2,减持,130900,0.00892416,-3268193,-96.1489726818301
002663,普邦园林,2016-03-31,2,增持,9789190,0.57421358,3621810,58.7252609698121
600393,东华实木,2016-03-31,2,增持,621480,0.04900783,621480,100
600238,海南椰岛,2016-03-31,2,减持,4469070,0.99711513,-17511200,-79.6678111779337
002587,奥拓电子,2016-03-31,2,减持,781200,0.2091841,-625281,-44.4571238431234
002632,道明光学,2016-03-31,2,持平,2049382,0.6926852,0,0
000798,中水渔业,2016-03-31,2,减持,132647,0.04152291,-81872,-38.1653839520042
002590,万安科技,2016-03-31,2,增持,11700,0.00243929,11700,100
600135,乐凯胶片,2016-03-31,2,增持,723300,0.19391851,723300,100
000657,中钨高新,2016-03-31,2,增持,48000,0.00763536,48000,100
300359,全通教育,2016-03-31,2,减持,11000,0.00433616,-11000,-50
000061,农产品,2016-03-31,2,减持,305612,0.01800934,-978400,-76.1986648099862
300168,万达信息,2016-03-31,2,减持,32500,0.0031761,-157500,-82.8947368421053
000417,合肥百货,2016-03-31,2,增持,11380000,1.45919099,439989,4.02183325044189
600875,东方电气,2016-03-31,2,减持,899700,0.03849971,-1980300,-68.7604166666667
300122,智飞生物,2016-03-31,2,减持,56973376,7.121672,-88,-0.000154457871826084
002126,银轮股份,2016-03-31,2,增持,6293690,1.74562878,1220140,24.0490386415823
601616,广电电气,2016-03-31,2,增持,2146500,0.22960645,2046500,2046.5
300101,振芯科技,2016-03-31,2,增持,651300,0.11714028,551300,551.3
600531,豫光金铅,2016-03-31,2,减持,""",",-806100,600973,宝胜股份
2016-03-31,券商,4,750000,8385000,0.13255735,750000,002253,川大智胜
2016-03-31,券商,4,83000,24520050,0.05517979,83000,002318,久立特材
2016-03-31,券商,4,14925053,152981793.25,1.77361234,-1550000,002596,海南瑞泽
2016-03-31,券商,4,5063920,131712559.2,1.56072779,5025620,000881,大连国际
2016-03-31,券商,4,124860,2168818.2,0.04041844,124860,002394,联发股份
2016-03-31,券商,4,38800,608772,0.01198641,-5030,002518,科士达
2016-03-31,券商,4,143000,4790500,0.04815874,110000,002047,宝鹰股份
2016-03-31,券商,4,15596640,177801696,1.23478919,15196640,600173,卧龙地产
2016-03-31,券商,4,1317100,9930934,0.18163202,1317100,002176,江特电机
2016-03-31,券商,4,202900,2698570,0.0138104,122900,601100,恒立液压
2016-03-31,券商,4,806000,9349600,0.12793651,806000,600775,南京熊猫
2016-03-31,券商,4,360000,4950000,0.03939427,-50000,600097,开创国际
2016-03-31,券商,4,100400,1640536,0.04955628,4000,600885,宏发股份
2016-03-31,券商,4,91266,2208637.2,0.01715615,-201072,000620,新华联
2016-03-31,券商,4,1005000,7537500,0.05298704,600000,300320,海达股份
2016-03-31,券商,4,3770859,45212599.41,1.28545584,67520,002137,麦达数字
2016-03-31,券商,4,2138167,39989773.03,0.37019017,2138147,002168,深圳惠程
2016-03-31,券商,4,512000,4551680,0.06555658,450000,002493,荣盛石化
2016-03-31,券商,4,445300,6038268,0.01750393,-1565661,600458,时代新材
2016-03-31,券商,4,198000,2843280,0.02466373,-1710301,002469,三维工程
2016-03-31,券商,4,4433600,61361024,1.32145658,-2100400,601186,中国铁建
2016-03-31,券商,4,4978100,55804501,0.03665882,-49493,300183,东软载波
2016-03-31,券商,4,6318533,127760737.26,1.39400461,525602,600251,冠农股份
2016-03-31,券商,4,207000,1682910,0.02637474,207000,002029,七匹狼
2016-03-31,券商,4,90000,947700,0.01190996,-34900,300133,华策影视
2016-03-31,券商,4,130000,3458000,0.01190868,-670456,002501,利源精制
2016-03-31,券商,4,1439200,14881328,0.1513012,-1629216,300131,英唐智控
2016-03-31,券商,4,17945378,201347141.16,1.67788075,116393,600502,安徽水利
2016-03-31,券商,4,360900,4933503,0.06784981,0,002033,丽江旅游
2016-03-31,券商,4,10655187,139902605.31,2.52083298,2714894,002223,鱼跃医疗
2016-03-31,券商,4,80000,2486400,0.01368066,-527159,000939,凯迪生态
2016-03-31,券商,4,1225083,11148255.3,0.08127707,799083,600177,雅戈尔
2016-03-31,券商,4,23800,359856,0.00106889,-9288900,300080,易成新能
2016-03-31,券商,4,475600,3885652,0.09458953,475600,600884,杉杉股份
2016-03-31,券商,4,113600,3420496,0.02023576,-40298,600997,开滦股份
2016-03-31,券商,4,5849986,30010428.18,0.47382119,5849986,601717,郑煤机
2016-03-31,券商,4,330000,1927200,0.02035627,320174,002091,江苏国泰
2016-03-31,券商,4,264456,5598533.52,0.07290962,97056,002443,金洲管道
2016-03-31,券商,4,13973577,145185465.03,2.68446176,-209263,601799,星宇股份
2016-03-31,券商,4,255000,9093300,0.10640518,186990,600367,红星发展
2016-03-31,券商,4,372100,3787978,0.12778159,309300,300177,中海达
2016-03-31,券商,4,391400,6137152,0.08958087,-67109,600803,新奥股份
2016-03-31,券商,4,9107253,109013818.41,0.9238579,-6297935,002575,*ST群兴
600291,西水股份,2016-03-31,2,减持,5298376,0.4847268,-7728,-0.145643583314613
002452,长高集团,2016-03-31,2,增持,3100,0.00059,3100,100
300103,达刚路机,2016-03-31,2,增持,477000,0.22528267,477000,100
600795,国电电力,2016-03-31,2,减持,""",",-55000,600360,华微电子
2016-03-31,券商,4,""",",""",",""",",扬杰科技,券商,4
2,增持,227283,0.178963,227283,100,深圳燃气,券商,4
2,增持,563800,0.02588109,563800,100,腾信股份,券商,4
2,减持,4689757,2.83348082,-495300,-9.55245043593542,郑煤机,券商,4
2,增持,330000,0.0239497,320174,3258.43680032567,中海达,券商,4
2,减持,391400,0.09568279,-67109,-14.636353921079,康恩贝,券商,4
2,减持,9000,0.00065606,-24198549,-99.9628215148919,天成控股,券商,4
2,减持,10003800,1.96459246,-762750,-7.08444209147777,冠福股份,券商,4
2,持平,962500,0.20207484,0,0,出版传媒,券商,4
2,增持,1116091,0.20258871,230000,25.9567019640195,山西焦化,券商,4
2,增持,112600,0.01714287,112600,100,宏达矿业,券商,4
2,增持,1487486,0.37540557,199941,15.5288553021448,深振业A,券商,4
2,增持,1600000,0.11851895,1600000,100,中矿资源,券商,4
2,增持,165150,0.28137459,165150,100,美晨生态,券商,4
2,减持,43333350,7.69637158,-90,-0.000207691796450963,*ST五稀,券商,4
2,增持,256800,0.02618033,161800,170.315789473684,应流股份,券商,4
2,减持,838556,0.34965884,-521708,-38.3534372739409,百川能源,券商,4
2,增持,540000,0.21771819,540000,100,普邦园林,券商,4
2,增持,9789190,0.61478005,3621810,58.7252609698121,东华实木,券商,4
2,增持,621480,0.20750238,621480,100,海南椰岛,券商,4
2,减持,4469070,1.00428183,-17511200,-79.6678111779337,奥拓电子,券商,4
2,减持,781200,0.21038231,-625281,-44.4571238431234,道明光学,券商,4
2,持平,2049382,0.73893676,0,0,万达信息,券商,4
2,减持,32500,0.00321857,-157500,-82.8947368421053,中水渔业,券商,4
2,减持,132647,0.04152291,-81872,-38.1653839520042,万安科技,券商,4
2,增持,11700,0.00286298,11700,100,电科院,券商,4
2,减持,625000,0.08680556,-5203259,-89.2763859670615,乐凯胶片,券商,4
2,增持,723300,0.21149122,723300,100,先河环保,券商,4
2,减持,36000,0.01071108,-3000,-7.69230769230769,中钨高新,券商,4
2,增持,48000,0.0195463,48000,100,迪安诊断,券商,4
2,增持,4859972,0.35571627,3960000,440.013689314779,鞍重股份,券商,4
2,减持,18900,0.01390115,-950081,-98.0494973585653,融捷股份,券商,4
2,增持,417800,0.21932709,339800,435.641025641026,金洲管道,券商,4
2,减持,13973577,2.73475641,-209263,-1.47546612667139,银河电子,券商,4
2,减持,386468,0.08231955,-269463,-41.0809978488591,华测检测,券商,4
2,减持,80000,0.02122631,-389000,-82.9424307036247,海翔药业,券商,4
2,增持,600000,0.07443363,600000,100,东软载波,券商,4
2,增持,6318533,1.41846702,525602,9.07316175524963,天孚通信,券商,4
2,增持,31850,0.08538301,31850,100,中国一重,券商,4
2,增持,1200000,0.01835424,1040000,650,宏发股份,券商,4
2,减持,91266,0.01715615,-201072,-68.7806580054594,银轮股份,券商,4
2,增持,6293690,1.95080591,1220140,24.0490386415823,广电电气,券商,4
2,增持,2146500,0.22960645,2046500,2046.5,南京熊猫,券商,4
2,减持,360000,0.05690594,-50000,-12.1951219512195,豫光金铅,券商,4
2,减持,""",",-100,002253,川大智胜,券商,2,增持
002667,鞍重股份,2016-03-31,2,减持,18900,0.01390115,-950081,-98.0494973585653
002099,海翔药业,2016-03-31,2,增持,600000,0.03948623,600000,100
600029,南方航空,2016-03-31,2,减持,27248225,0.27754559,-678418,-2.42928589734183
600815,*ST厦工,2016-03-31,2,增持,7985100,0.83267465,5285100,195.744444444444
000762,西藏矿业,2016-03-31,2,增持,500000,0.10504756,500000,100
300137,先河环保,2016-03-31,2,减持,36000,0.01045311,-3000,-7.69230769230769
002516,江苏旷达,2016-03-31,2,减持,181733,0.02744486,-2027441,-91.7737127089129
600303,曙光股份,2016-03-31,2,减持,23000,0.00370774,-1015300,-97.7848406048348
002510,天汽模,2016-03-31,2,减持,281900,0.06850214,-2023630,-87.7728765186313
002050,三花智控,2016-03-31,2,减持,44871393,2.4908125,-551600,-1.2143629549026
000718,苏宁环球,2016-03-31,2,减持,306000,0.01008358,-1108000,-78.3592644978784
002441,众业达,2016-03-31,2,减持,90000,0.01652008,-573090,-86.4271818305207
000608,阳光股份,2016-03-31,2,增持,8500,0.00113347,8500,100
600545,卓郎智能,2016-03-31,2,减持,8075077,1.19491668,-686724,-7.8377036867192
300012,华测检测,2016-03-31,2,减持,80000,0.02087635,-389000,-82.9424307036247
600822,上海物贸,2016-03-31,2,增持,193000,0.03891341,33000,20.625
600651,飞乐音响,2016-03-31,2,减持,50000,0.00507501,-135400,-73.0312837108954
300028,金亚科技,2016-03-31,2,减持,26390,0.00762269,-103610,-79.7
300244,迪安诊断,2016-03-31,2,增持,4859972,0.31612328,3960000,440.013689314779
300063,天龙集团,2016-03-31,2,减持,30000,0.01032451,-270000,-90
300375,鹏领股份,2016-03-31,2,增持,20800,0.01118688,20800,100
600784,鲁银投资,2016-03-31,2,减持,12665656,2.22917104,-366000,-2.80854559082898
002467,二六三,2016-03-31,2,减持,586000,0.07339491,-168950,-22.3789654944036
002500,山西证券,2016-03-31,2,增持,390600,0.01380834,358800,1128.30188679245
600289,亿阳信通,2016-03-31,2,增持,11807000,2.0863274,15900,0.134847469701724
002131,利欧股份,2016-03-31,2,减持,89400009,5.92277537,-13184500,-12.8523303650067
000926,福星股份,2016-03-31,2,减持,54445070,5.73515023,-50000,-0.0917514189815703
002245,澳洋顺昌,2016-03-31,2,增持,9671063,0.99140986,5666063,141.474731585518
002121,科陆电子,2016-03-31,2,增持,20400,0.00427932,20400,100
600801,华新水泥,2016-03-31,2,增持,340200,0.02271678,196200,136.25
300087,荃银高科,2016-03-31,2,减持,250100,0.07894571,-2487225,-90.8633428621008
600869,智慧能源,2016-03-31,2,增持,3058967,0.14685468,3058967,100
600682,南京新百,2016-03-31,2,减持,595512,0.07192032,-9788,-1.61704939699323
002386,天原集团,2016-03-31,2,增持,5815048,0.86574703,495088,9.30623538522846
002220,天宝股份,2016-03-31,2,增持,43900,0.00801847,43900,100
002082,栋梁新材,2016-03-31,2,减持,""",",""",",兆日科技,2016-03-31
券商,4,2,15188157,0.16723214,0.16723214,-18.8240392950014,广电运通,2016-03-31
券商,4,2,4843200,0.0377076,0.0377076,-31.5537303216975,蓝帆股份,2016-03-31
券商,4,2,160050,0.00303398,0.003125,100,兴业科技,2016-03-31
券商,4,2,1062754,0.02973465,0.02997023,100,证通电子,2016-03-31
券商,4,2,2209000,0.02347215,0.0239285,100,*ST中发,2016-03-31
券商,4,2,793260,0.02461655,0.02534277,-98.05,和而泰,2016-03-31
券商,4,2,2004480,0.02287902,0.02532067,377.987421383648,烽火电子,2016-03-31
券商,4,2,67398270.84,0.86478456,0.86745749,149.024398023569,尚荣医疗,2016-03-31
券商,4,2,84291975,0.7800456,0.7898066,-39.3606551583691,锦龙股份,2016-03-31
券商,4,2,2852200,0.0078125,0.0078125,3.85756676557864,百川能源,2016-03-31
券商,4,2,6010200,0.05600745,0.21771819,100,水晶光电,2016-03-31
券商,4,2,6115656,0.03902778,0.0446842,-93.8790113310133,新大陆,2016-03-31
券商,4,2,122222691.6,0.76732487,0.77806136,9.23651166564795,超声电子,2016-03-31
600549,厦门钨业,2016-03-31,2,减持,118700,0.01097475,-81318,-40.6553410193083
000415,渤海金控,2016-03-31,2,减持,700,1.132E-05,-262900,-99.7344461305008
600572,康恩贝,2016-03-31,2,减持,9000,0.00053769,-24198549,-99.9628215148919
002138,顺络电子,2016-03-31,2,减持,100000,0.01349639,-700000,-87.5
002242,九阳股份,2016-03-31,2,增持,76378,0.00994823,67278,739.318681318681
600270,外运发展,2016-03-31,2,增持,855800,0.09451323,855800,100
002509,天广消防,2016-03-31,2,减持,3046500,0.43023918,-17500000,-85.1726571435524
601139,深圳燃气,2016-03-31,2,增持,563800,0.02588109,563800,100
300219,鸿利光电,2016-03-31,2,增持,2013624,0.32749975,1950174,3073.56028368794
300240,飞力达,2016-03-31,2,增持,395000,0.1620802,395000,100
600400,红豆股份,2016-03-31,2,增持,88226048,6.19695224,44113024,100
600894,广日股份,2016-03-31,2,增持,7311154,0.85018669,7311154,100
002240,威华股份,2016-03-31,2,增持,3463974,0.70591925,3463974,100
002395,双象股份,2016-03-31,2,减持,36500,0.02041319,-104700,-74.1501416430595
002331,皖通科技,2016-03-31,2,减持,140000,0.04795519,-10000,-6.66666666666667
600891,秋林集团,2016-03-31,2,持平,1200000,0.19430498,0,0
300215,电科院,2016-03-31,2,减持,625000,0.08680556,-5203259,-89.2763859670615
600872,中炬高新,2016-03-31,2,增持,434300,0.05451666,433826,91524.4725738397
002391,长青股份,2016-03-31,2,增持,44800,0.01237097,44800,100
300031,宝通科技,2016-03-31,2,增持,4862531,1.62084367,1044697,27.363604598838
603000,人民网,2016-03-31,2,增持,294700,0.02665302,294700,100
300252,金信诺,2016-03-31,2,减持,11769,0.0028808,-203298,-94.5277518168757
600711,盛屯矿业,2016-03-31,2,增持,1200000,0.08015752,1200000,100
600552,方兴科技,2016-03-31,2,增持,10650200,2.77692613,1577700,17.3899145770185
300298,三诺生物,2016-03-31,2,增持,75130,0.02214362,75130,100
601218,吉鑫科技,2016-03-31,2,增持,1326400,0.13374203,1326400,100
002374,丽鹏股份,2016-03-31,2,增持,7199800,0.00278707,1700,0.0236173434656368
002416,爱施德,2016-03-31,2,增持,3670749,0.37026479,1299800,54.8219299529429
300253,卫宁软件,2016-03-31,2,减持,110000,0.01895549,-1662457,-93.7939256072221
300201,海伦哲,2016-03-31,2,增持,5535986,1.51701922,29400,0.533906126227757
002581,万昌科技,2016-03-31,2,增持,120000,0.01818911,120000,100
002576,通达动力,2016-03-31,2,增持,1082888,0.65589824,1032888,2065.776
300380,安硕信息,2016-03-31,2,增持,108670,0.07906723,108670,100
002697,红旗连锁,2016-03-31,2,减持,35006400,2.574,-2993600,-7.87789473684211
000815,美利纸业,2016-03-31,2,增持,317600,0.10025253,257600,429.333333333333
000968,*ST煤气,2016-03-31,2,增持,127400,0.0247982,127400,100
000892,ST星美,2016-03-31,2,增持,45400,0.01096944,45400,100
603003,龙宇燃油,2016-03-31,2,增持,353561,0.1750302,353561,100
002684,猛狮科技,2016-03-31,2,减持,""",",""",",德威新材,2016-03-31
券商,4,2,104860832.72,2.0700575,2.0700575,-21.1515834176768,陕西煤业,2016-03-31
券商,4,2,4380551.88,0.01000126,0.03690502,-93.8810116839598,融捷股份,2016-03-31
券商,4,2,16532346,0.16090569,0.21932709,435.641025641026,扬杰科技,2016-03-31
券商,4,2,3602435.55,0.05420211,0.178963,100,*ST中企,2016-03-31
券商,4,2,41767920,0.40748569,0.40748569,100,金河生物,2016-03-31
券商,4,2,119761293,2.28779697,2.66877296,9.43748168168745,百洋股份,2016-03-31
券商,4,2,61228937,1.39323863,1.39323863,-89.5589731728501,腾信股份,2016-03-31
券商,4,2,149406694.3,1.22129089,2.83348082,-9.55245043593542,好利来,2016-03-31
券商,4,2,221658049.08,4.54996701,17.16016969,4.165925628875,中材节能,2016-03-31
券商,4,2,2312000,0.03276004,0.09172628,792.857142857143,中矿资源,2016-03-31
300394,天孚通信,2016-03-31,2,增持,31850,0.04284369,31850,100
002746,仙坛股份,2016-03-31,2,增持,149974,0.0941161,149974,100
603020,爱普股份,2016-03-31,2,增持,14600,0.009125,13600,1360
603788,宁波高发,2016-03-31,2,减持,745822,0.52906434,-216900,-22.5298684355401
603799,华友钴业,2016-03-31,2,增持,337800,0.06311777,323500,2262.23776223776
603885,吉祥航空,2016-03-31,2,减持,1459485,0.12847579,-8000,-0.545150376324119
601985,中国核电,2016-03-31,2,增持,422235,0.00271265,374035,776.00622406639
300441,鲍斯股份,2016-03-31,2,增持,120000,0.07102273,120000,100
300490,华自科技,2016-03-31,2,减持,1000,0.001,-4000,-80
300484,蓝海华腾,2016-03-31,2,新进,60804,0.11693077,60804,0.11693077
600115,东方航空,2016-03-31,1,减持,330500,0.00251519,-2385100,-87.829577257328
000037,深南电A,2016-03-31,1,减持,300000,0.04977084,-40000,-11.7647058823529
000036,华联控股,2016-03-31,1,减持,18000,0.00157827,-1582000,-98.875
300273,和佳股份,2016-03-31,1,增持,104200,0.01322631,44388,74.2125326021534
002588,史丹利,2016-03-31,1,增持,152800,0.02620784,152800,100
600580,卧龙电气,2016-03-31,1,减持,4953792,0.38434274,-5939129,-54.5228318464808
002328,新朋股份,2016-03-31,1,减持,367100,0.08192368,-525400,-58.8683473389356
002072,凯瑞德,2016-03-31,1,减持,117700,0.066875,-259900,-68.8294491525424
600076,康欣新材,2016-03-31,1,持平,3432324,0.33186146,0,0
002486,嘉麟杰,2016-03-31,1,减持,6375774,0.76631899,-13613700,-68.1043433158871
000650,仁和药业,2016-03-31,1,增持,7200021,0.58142518,7000021,3500.0105
002627,宜昌交运,2016-03-31,1,减持,66149,0.04954981,-779551,-92.178195577628
300048,合康变频,2016-03-31,1,增持,933200,0.23706739,933200,100
002578,闽发铝业,2016-03-31,1,增持,6838767,1.5922624,6838767,100
002471,中超控股,2016-03-31,1,增持,4250252,0.33519338,500000,13.3324373935405
600559,老白干酒,2016-03-31,1,减持,110999,0.06334689,-181870,-62.0994369496259
600814,杭州解百,2016-03-31,1,增持,260000,0.03636228,260000,100
000603,盛达矿业,2016-03-31,1,增持,19800,0.00392088,19800,100
600011,华能国际,2016-03-31,1,减持,17400,0.00011447,-13200,-43.1372549019608
000541,佛山照明,2016-03-31,1,减持,527018,0.04142791,-772999,-59.4606839756711
600125,铁龙物流,2016-03-31,1,减持,7000000,0.53618405,-2000000,-22.2222222222222
600486,扬农化工,2016-03-31,1,增持,2941750,0.94926117,2941750,100
002321,华英农业,2016-03-31,1,减持,55100,0.01031273,-1170200,-95.503142087652
600971,恒源煤电,2016-03-31,1,减持,18850940,1.88508633,-77000,-0.406806023265078
600026,中海发展,2016-03-31,1,减持,2065494,0.05122711,-18300,-0.878205811131043
002449,国星光电,2016-03-31,1,持平,10167037,0,0,0
000725,京东方A,2016-03-31,1,增持,368690,0.00104881,368690,100
002017,东信和平,2016-03-31,1,增持,9151,0.00264061,9151,100
600895,张江高科,2016-03-31,1,增持,200000,0.01291414,75000,60
002447,*ST晨鑫,2016-03-31,1,减持,7992513,0.83915126,-1060100,-11.7104310103613
600239,云南城投,2016-03-31,1,增持,161100,0.01504963,161100,100
300006,莱美药业,2016-03-31,1,减持,4436961,1.9665414,-100000,-2.20411857188105
000540,中天金融,2016-03-31,1,持平,118670885,2.53213707,0,0
600488,天药股份,2016-03-31,1,减持,""",",""",",三全食品,2016-03-31
券商,4,1,2595000,0.03730334,0.03730334,100,天音控股,2016-03-31
券商,4,1,""",",""",",600372,2016-03-31,4,1
减持,100000,1979000,-713695,-87.7103828830213,300306,2016-03-31,4,1
增持,17000,350200,17000,100,002148,2016-03-31,4,1
增持,21600,351216,21600,100,600707,2016-03-31,4,1
